z_ca,ca,ca_std,fit_ca,z_oa,oa,oa_std,fit_oa
-2.185,1.1350051246578956,0.177277488458089,1.0294149687045284,-2.69,0.97476892465276,0.043196011918481,0.999971780848238
-2.175,1.1196864246312062,0.1877001556807239,1.0297923710599457,-2.67999999999999,0.975155971442005,0.01613727288661,0.9999713598958312
-2.165,1.1192126504035769,0.152434947417337,1.0301761328238157,-2.66999999999999,0.9773436272073026,0.03421664753229,0.9999709310745976
-2.15500000000001,1.1128956607018492,0.13986068681819,1.03056638581015,-2.66000000000001,0.9753074245334488,0.052085972053758,0.9999704942075897
-2.145,1.1103688648211585,0.176446240526281,1.0309632650542468,-2.65,0.9746511278038594,0.049739614093102,0.9999700491132064
-2.135,1.1073682947128376,0.102167216827663,1.0313669089027009,-2.64,0.9737760654977404,0.044877794656622,0.9999695956050528
-2.125,1.1057890472874057,0.15638788809176,1.0317774591062308,-2.63,0.9742135966508,0.026487450501957,0.9999691334917952
-2.115,1.1064207462575786,0.162059769341454,1.0321950609153998,-2.61999999999999,0.9759468931417664,0.019159802962917,0.9999686625770104
-2.10500000000001,1.1064207462575786,0.191466718896547,1.0326198631793424,-2.61000000000001,0.9764012524160977,0.014807941523779,0.999968182659032
-2.095,1.1081579184255534,0.108097878839862,1.0330520184475962,-2.6,0.9766368461138988,0.015884065080375,0.9999676935307894
-2.085,1.102472627693999,0.136131918754319,1.0334916830751355,-2.59,0.9772763147222164,0.01777905567698,0.999967194979641
-2.075,1.1032622514067143,0.134433902417224,1.0339390173307386,-2.58,0.9778652989667196,0.017108323766145,0.999966686787204
-2.06499999999999,1.0982086596453329,0.118224476142561,1.034394185508777,-2.56999999999999,0.9785384238175804,0.014257197824781,0.999966168729176
-2.05500000000001,1.1027884771790852,0.118302171436399,1.0348573560445653,-2.56000000000001,0.9792788611535272,0.022438897328311,0.9999656405751508
-2.045,1.0971031864475305,0.140982431989093,1.0353287016333892,-2.55,0.9806082827339774,0.015951481834993,0.9999651020884291
-2.035,1.101840928723826,0.161141898443845,1.0358083993533247,-2.54,0.9828464228630894,0.025975509800474,0.9999645530258204
-2.025,1.1075262194553808,0.153122291439429,1.036296630792006,-2.53,0.984647031839142,0.012706126017355,0.9999639931374406
-2.01500000000001,1.1065786710001215,0.177868858588409,1.0367935821774583,-2.52,0.9842599850498972,0.030874950497212,0.9999634221664988
-2.00500000000001,1.096787336962444,0.132377449682196,1.0372994445131454,-2.51,0.9809111889168646,0.051141403860186,0.9999628398490804
-1.995,1.0879435513800255,0.176148415619019,1.037814413717377,-2.4999999999999902,0.979430314244971,0.0288263103728909,0.9999622459139204
-1.985,1.09362884211158,0.151606021200622,1.03833869076723,-2.49,0.9799688141256596,0.025188392700896,0.9999616400821676
-1.975,1.0849429812717049,0.151129066998966,1.038872481847141,-2.48,0.9810794701295796,0.019038845865153,0.9999610220671432
-1.96500000000001,1.0879435513800255,0.164112208458571,1.0394159985023337,-2.47000000000001,0.9813823763124672,0.01376466907512,0.9999603915740876
-1.9550000000000096,1.0854167554993344,0.140982431989092,1.0399694577972487,-2.46,0.981988188678242,0.014613411676479,0.9999597482999004
-1.9450000000000096,1.0846271317866183,0.14969785523457,1.040533082479156,-2.45,0.982021844920785,0.016972752999631,0.99995909193287
-1.935,1.0906282720032596,0.1506418893698,1.04110710114713,-2.43999999999999,0.9836710008053938,0.01355517552089,0.9999584221523918
-1.925,1.0844692070440751,0.1760887901910199,1.0416917484265735,-2.43,0.983839282018109,0.014674479270887,0.99995773862868
-1.91500000000001,1.0836795833313593,0.135909961768963,1.042287265149497,-2.42000000000001,0.9844282662626124,0.017925161054071,0.999957041022464
-1.905,1.09015449777563,0.173384424888822,1.042893898540746,-2.41,0.9847648286880426,0.023533417404244,0.9999563289846772
-1.895,1.0920495946861482,0.110309583333493,1.0435119024103836,-2.4,0.9861279065110355,0.03483996540626,0.9999556021561328
-1.885,1.0956818637646415,0.15739188655742,1.0441415373524692,-2.38999999999999,0.9841085319584532,0.035851985040263,0.9999548601671868
-1.875,1.092523368913778,0.159710006729315,1.044783070950432,-2.37999999999999,0.982863250984361,0.035837015873255,0.9999541026373906
-1.86500000000001,1.092681293656321,0.162827427302892,1.045436777989291,-2.37000000000001,0.9819713605569704,0.03096749746994,0.9999533291751274
-1.855,1.0936288421115803,0.139710440300462,1.046102940674967,-2.36,0.9831998134097912,0.026186382660154,0.999952539377238
-1.8450000000000095,1.098524509130419,0.1384741656851009,1.0467818488609155,-2.35,0.984748000566771,0.009821506014068,0.99995173282863
-1.8349999999999904,1.1043677246045172,0.129733239677792,1.047473800282385,-2.33999999999999,0.9841926725648108,0.01052333120882,0.999950909101874
-1.825,1.0989982833580485,0.160226961888245,1.0481791007985128,-2.32999999999999,0.9848826255369432,0.008742443632955,0.9999500677567832
-1.81500000000001,1.1021567782089123,0.144731348129525,1.0488980646426085,-2.32000000000001,0.984933109900758,0.012425011116269,0.9999492083399758
-1.805,1.101840928723826,0.150354063362185,1.0496310146808498,-2.31,0.9853874691750888,0.007767461056637,0.999948330384424
-1.79500000000001,1.1072103699702944,0.163149571108375,1.050378282679731,-2.30000000000001,0.9865149533002808,0.015796559272738,0.9999474334089822
-1.785,1.1079999936830105,0.133846766539099,1.051140209582576,-2.29,0.9868683438469824,0.013085220521031,0.9999465169178976
-1.775,1.1084737679106398,0.164750841899776,1.0519171457954142,-2.27999999999999,0.9882314216699756,0.019252925275622,0.9999455804003028
-1.76500000000001,1.11542245658254,0.126454030031288,1.0527094514825814,-2.27000000000001,0.9893420776738958,0.012988041792471,0.9999446233296878
-1.755,1.1165279297803423,0.1694716414476769,1.0535174968723795,-2.26,0.988921374642108,0.0150950365746429,0.9999436451633508
-1.74500000000001,1.1181071772057745,0.140506784549111,1.0543416625731432,-2.2500000000000098,0.9874236718489426,0.039116833632038,0.9999426453418272
-1.735,1.1166858545228855,0.136131918754319,1.055182339900118,-2.24,0.9855052660239896,0.04377729479094,0.9999416232882984
-1.725,1.1182651019483176,0.1722298325061899,1.0560399312134892,-2.23,0.9856735472367048,0.030560535416031,0.9999405784079716
-1.7150000000000098,1.1187388761759471,0.1188887882238459,1.056914850268003,-2.22,0.9869861406958832,0.017143135733704,0.9999395100874414
-1.7049999999999998,1.120318123601379,0.128032381009026,1.057807522574565,-2.20999999999999,0.9864476408151944,0.009101607518541,0.9999384176940204
-1.695,1.118580951433404,0.152779005969059,1.058718385774235,-2.2,0.986784203240625,0.017657081107552,0.9999373005750452
-1.685,1.1233186937096995,0.140235598861429,1.0596478900250963,-2.19,0.9868010313618965,0.013418139410573,0.9999361580571536
-1.675,1.1214235967991812,0.155233718162071,1.0605964984024074,-2.18,0.987373187485128,0.01794593614861,0.999934989445533
-1.6650000000000098,1.1217394462842676,0.148950657891964,1.0615646873125342,-2.17,0.9873563593638568,0.014206929892788,0.9999337940231368
-1.6549999999999998,1.1226869947395268,0.1497241587791959,1.062552946921148,-2.15999999999999,0.9887867496719356,0.017192620997898,0.9999325710498688
-1.64500000000001,1.1266351133031065,0.145319670971921,1.063561781596165,-2.1500000000000097,0.9896618119780548,0.018897407990005,0.9999313197617355
-1.635,1.127898511243452,0.111269278794794,1.0645917103659883,-2.14,0.990250796222558,0.021254544433185,0.9999300393699604
-1.625,1.1297936081539703,0.157458592170314,1.0656432673935303,-2.13,0.9908397804670612,0.02938144218043,0.9999287290600644
-1.6150000000000098,1.132478328777205,0.151813677074051,1.0667170024666204,-2.12,0.9887026090655782,0.038548791519435,0.999927387990904
-1.6049999999999998,1.1315307803219454,0.168032613509013,1.0678134815053268,-2.10999999999999,0.9875751249403864,0.0309448683262959,0.9999260152936736
-1.59500000000001,1.1340575762026366,0.16379195796614,1.0689332870867811,-2.10000000000001,0.9875078124553004,0.03938454050361,0.9999246100708606
-1.585,1.1342155009451795,0.145968583670492,1.0700770189881386,-2.09,0.9884670153677768,0.017143135733704,0.9999231713951604
-1.575,1.136900221568414,0.16153242770109,1.0712452947482325,-2.08,0.9891737964611806,0.014951181279863,0.9999216983083428
-1.5650000000000002,1.1405324906469072,0.162641905689731,1.0724387502486263,-2.07,0.9891401402186376,0.015149245035583,0.9999201898200684
-1.555,1.1438489102403142,0.140609511267166,1.0736580403146614,-2.06,0.9892579370675384,0.013859628720889,0.9999186449066588
-1.545,1.1446385339530305,0.14969785523457,1.074903839337198,-2.0500000000000003,0.989863749433313,0.015932783572987,0.9999170625098084
-1.53499999999999,1.1490604267442397,0.146578807878474,1.0761768419157296,-2.0399999999999903,0.9905368742841738,0.0173651380720739,0.9999154415352426
-1.525,1.1459019318933756,0.145500214799743,1.0774777635235673,-2.03,0.990351764950187,0.012568133645466,0.9999137808513172
-1.515,1.1451123081806596,0.1461752681354159,1.0788073411958377,-2.02,0.990738811739432,0.017268740843232,0.999912079287556
-1.505,1.151113448397301,0.108194980030642,1.080166334240985,-2.01,0.9918999521071667,0.021682205003078,0.999910335633124
-1.495,1.155377416445967,0.136180122402568,1.0815555249765776,-2.0,0.9940876078724644,0.014122752408247,0.999908548635233
-1.48499999999999,1.158851760781917,0.091024200318227,1.0829757194901497,-1.98999999999999,0.9926403894431136,0.029060613769192,0.9999067169974754
-1.475,1.1585359112968308,0.0948102415233519,1.084427748425861,-1.9799999999999904,0.9910585460435908,0.041855773353647,0.999904839378084
-1.465,1.1569566638713988,0.125547687203843,1.0859124677977956,-1.97,0.9892074527037238,0.045316365910824,0.999902914388114
-1.4550000000000098,1.1594834597520898,0.089276932246071,1.0874307598306356,-1.96000000000001,0.9891401402186376,0.02187928268508,0.9999009405895414
-1.4449999999999998,1.1648529009985582,0.126588903301804,1.0889835338285978,-1.95,0.990250796222558,0.011129082055459,0.9998989164932768
-1.435,1.1659583741963604,0.087118907532961,1.090571727073374,-1.94,0.9905873586479884,0.013720202076981,0.9998968405570864
-1.42499999999999,1.1706961164726564,0.099498524645475,1.092196305751966,-1.92999999999999,0.9900825150098428,0.013006389732811,0.9998947111834192
-1.415,1.1751180092638651,0.123172773936311,1.0938582659151723,-1.92,0.9906378430118028,0.017382295608195,0.999892526717134
-1.405,1.17385461132352,0.118302171436399,1.095558634467615,-1.91,0.9913782803477498,0.009851810023182,0.999890285443119
-1.395,1.1782765041147294,0.158580017537199,1.097298470190054,-1.9,0.99193360834971,0.016006514447566,0.9998879855838032
-1.385,1.1782765041147294,0.154215669898095,1.0990788647948602,-1.89,0.992842326898372,0.014831073446397,0.9998856252965498
-1.37499999999999,1.182224622678309,0.126381346344187,1.1009009440154065,-1.87999999999999,0.993431311142875,0.023114861632932,0.9998832026709268
-1.36499999999999,1.187278214439691,0.175678317554078,1.10276586873016,-1.86999999999999,0.9943905140553516,0.023885451314134,0.9998807157258488
-1.355,1.1888574618651229,0.156890690443864,1.1046748361222507,-1.86,0.9946765921169676,0.030268960331454,0.9998781624065836
-1.34500000000001,1.1920159567159867,0.119241574721019,1.106629080875211,-1.8500000000000096,0.9926235613218422,0.036069166284479,0.9998755405816142
-1.33500000000001,1.1942269031115913,0.165521879892952,1.1086298764055853,-1.84000000000001,0.9912436553775776,0.035003854819151,0.9998728480393514
-1.325,1.1983329464177142,0.150397708770332,1.1106785361330471,-1.83,0.9909912335585048,0.032548159244957,0.9998700824846866
-1.31499999999999,1.2054395598321577,0.138729871711008,1.1127764147886103,-1.81999999999999,0.9918326396220808,0.0133054783635059,0.9998672415353782
-1.30499999999999,1.202438989723837,0.144231662124113,1.1149249097614469,-1.80999999999999,0.9923711395027692,0.0168626278263049,0.9998643227182612
-1.295,1.2097035278808237,0.147791697735985,1.1171254624847542,-1.7999999999999998,0.9938351860533916,0.0124453868776999,0.99986132346527
-1.285,1.2114407000487988,0.166020739035085,1.1193795598610148,-1.79,0.9944914827829808,0.017205619780721,0.9998582411092672
-1.275,1.2183893887206991,0.159372674859716,1.1216887357268768,-1.78,0.9949794982998548,0.012924772092561,0.999855072879663
-1.265,1.216652216552724,0.134238475794907,1.1240545723578037,-1.77,0.9944578265404378,0.013501190375236,0.9998518158978176
-1.25499999999999,1.221705808314106,0.135406804836548,1.1264787020124438,-1.75999999999999,0.9951814357551132,0.013677770043163,0.9998484671722132
-1.24500000000001,1.2212320340864766,0.130137331108576,1.1289628085165238,-1.7500000000000098,0.995433857574186,0.016389296995557,0.9998450235933825
-1.235,1.2226533567693652,0.144885447876818,1.1315086288859588,-1.7399999999999998,0.9968474197609936,0.010934531031922,0.9998414819285792
-1.225,1.235919035142993,0.132466662844978,1.1341179549884617,-1.73,0.999001419283748,0.012005273809685,0.9998378388161792
-1.215,1.236708658855709,0.146534025008625,1.1367926352429918,-1.72,0.9974868883693112,0.028742945532929,0.9998340907597928
-1.20499999999999,1.240183003191659,0.162440011441632,1.139534576355817,-1.70999999999999,0.9960733261825035,0.037928266133185,0.999830234122074
-1.19499999999999,1.2337080887473884,0.147578382689416,1.1423457450918284,-1.69999999999999,0.9939698110235636,0.0404921621353469,0.9998262651182104
-1.185,1.235129411430277,0.121022621378513,1.1452281700793794,-1.69,0.9953497169678284,0.0142121744313,0.9998221798090726
-1.175,1.2379720567960546,0.157583589087808,1.1481839436464554,-1.68,0.995534826301815,0.009611355003187,0.9998179740940047
-1.165,1.2452365949530413,0.143419391424681,1.1512152236855937,-1.67,0.995433857574186,0.0132065347820079,0.9998136437032368
-1.155,1.2464999928933866,0.117857508440487,1.1543242355444976,-1.66,0.9955516544230866,0.016122488391627,0.9998091841898922
-1.145,1.2539224557929165,0.128809209225501,1.157513273938668,-1.65,0.996275263637762,0.009347204398644,0.999804590921572
-1.13500000000001,1.2575547248714098,0.087719527589381,1.160784704881786,-1.64000000000001,0.9970830134587948,0.013215560263863,0.9997998590714872
-1.125,1.2570809506437803,0.101961441761107,1.164140967628903,-1.63,0.9969147322460796,0.010725343735265,0.999794983609112
-1.115,1.2608711444648169,0.097000143199829,1.167584576626603,-1.62,0.9970493572162518,0.010500645477862,0.9997899592903318
-1.105,1.2648192630283963,0.091355277019251,1.1711181234636268,-1.61,0.9989172786773904,0.021920797450743,0.9997847806470532
-1.095,1.278400790887111,0.156714893120595,1.1747442788142135,-1.6,0.999842825347324,0.02604427367936,0.9997794419762446
-1.08499999999999,1.283770232133579,0.154215669898095,1.1784657943655323,-1.58999999999999,1.0009703094725158,0.037950658569554,0.9997739373283706
-1.075,1.2886658991524178,0.14564448872195,1.1822855047192071,-1.57999999999999,0.9984124350392448,0.036957396801889,0.9997682604951867
-1.065,1.2831385331634064,0.1484563317187049,1.1862063292557237,-1.5699999999999998,0.9969988728524372,0.037272234277445,0.9997624049968508
-1.055,1.296246286794491,0.137255447453746,1.1902312739487615,-1.5599999999999998,0.9967464510333643,0.02087529702119,0.9997563640683104
-1.04500000000001,1.2949828888541457,0.166502337168812,1.1943634331150592,-1.55000000000001,0.997739310188384,0.015461834294199,0.9997501306449226
-1.035,1.2975096847348364,0.198071415097732,1.1986059910833562,-1.54,0.9984124350392448,0.013616610752235,0.9997436973472544
-1.02499999999999,1.296088362051948,0.156513740110377,1.2029622237638464,-1.53,0.9991528723751916,0.01605207608423,0.999737056465014
-1.015,1.3033529002089346,0.151050876565001,1.2074355000973984,-1.52,0.9992538411028208,0.013725632594541,0.999730199940059
-1.005,1.3109332878510076,0.129409058031814,1.2120292833610329,-1.51,0.9992370129815492,0.015030719978007,0.9997231193484172
-0.995,1.3216721703439442,0.140684174493597,1.216747132303232,-1.5,1.000196215894026,0.014956164840976,0.999715805881263
-0.985,1.3259361383926105,0.133059888664604,1.221592702079631,-1.49,1.0004486377130986,0.023380923218311,0.9997082503247776
-0.97499999999999,1.3328848270645106,0.158422667296962,1.226569744955831,-1.47999999999999,1.0021987623253366,0.015125614325705,0.999700443038819
-0.96499999999999,1.3410969136767563,0.174328195195662,1.2316821107401978,-1.47,1.0033262464505284,0.021890860287111,0.9996923739343284
-0.955,1.352309570397323,0.1128506363178989,1.2369337469051205,-1.46,1.0044200743331773,0.018921842095336,0.9996840324493844
-0.94500000000001,1.3586265600990504,0.115608541820926,1.2423286983501574,-1.45000000000001,1.0026026372358532,0.033593743326087,0.9996754075238182
-0.93500000000001,1.3568893879310755,0.152821958823788,1.2478711067551342,-1.44000000000001,1.0003140127429266,0.048995407766241,0.9996664875722931
-0.925,1.363680151860433,0.116332941573697,1.2535652094651355,-1.43,0.9994726066793506,0.026574525993785,0.9996572604557435
-0.91499999999999,1.3726818621853942,0.143611464928045,1.2594153378426147,-1.41999999999999,0.999842825347324,0.015006902633091,0.9996477134510624
-0.90499999999999,1.3761562065213444,0.135600547681146,1.26542591501433,-1.41,1.0013573562617606,0.018169613864139,0.99963783321892
-0.89500000000001,1.3807360240550968,0.154827302145003,1.2716014529324924,-1.40000000000001,1.001003965715059,0.015846487395654,0.9996276057695817
-0.885,1.388632261182256,0.155504072072199,1.2779465486603228,-1.39,1.0017275749297343,0.0146205493723119,0.9996170164265916
-0.8750000000000001,1.3905273580927746,0.166147194914819,1.2844658797817503,-1.38,1.0020977935977076,0.013702809958341,0.9996060497881666
-0.865,1.3957388745967,0.148465173404888,1.2911641988240845,-1.37,1.002047309233893,0.0150554896464,0.9995946896861484
-0.85499999999999,1.4034771869813158,0.15950440144475,1.2980463265692503,-1.36,1.0026026372358532,0.00985634758849,0.999582919142334
-0.84500000000001,1.4153215426720551,0.114982364602817,1.305117144115573,-1.35000000000001,1.0037469494823166,0.01938869564296,0.999570720322004
-0.8350000000000101,1.4175324890676595,0.174989556476567,1.3123815835365806,-1.3400000000000098,1.0047229805160645,0.020249025523923,0.9995580744844452
-0.8250000000000001,1.414373994216796,0.119329608379908,1.3198446169655642,-1.3299999999999998,1.006355308279402,0.037934945962343,0.9995449619302536
-0.815,1.41011002616813,0.1725344217131119,1.327511243916197,-1.32,1.0049585742138658,0.03234604616593,0.9995313619451812
-0.8049999999999999,1.4104258756532162,0.129814158593926,1.3353864766278292,-1.31,1.0032084496016278,0.038758553031396,0.9995172527402796
-0.7950000000000099,1.4124788973062778,0.139230447473676,1.3434753232006538,-1.30000000000001,1.001660262444648,0.031971565749738,0.9995026113880636
-0.7849999999999999,1.4268500488777078,0.156714893120594,1.351782768260115,-1.29,1.0032589339654423,0.02007233617455,0.9994874137544024
-0.775,1.437904780855731,0.141577061993769,1.3603137508607372,-1.28,1.005160511669124,0.0126154803328,0.999471634425823
-0.765,1.43190364063909,0.161141898443845,1.369073139308132,-1.27,1.004638839909707,0.012257138647231,0.9994552466318748
-0.755,1.4350621354899538,0.157849918360478,1.378065702542023,-1.26,1.0056316990647267,0.014871217175114,0.999438222162192
-0.745,1.4502229107740998,0.136054757394142,1.387296077684545,-1.25,1.0063048239155874,0.008059395074514,0.9994205312778418
-0.735,1.4559082015056546,0.152159140433665,1.3967687333146344,-1.24,1.007230370585521,0.012970817026757,0.9994021426165272
-0.72499999999999,1.460961793267037,0.109161241497916,1.4064879279817464,-1.23,1.0070116050089912,0.015266849944865,0.999383023091166
-0.715,1.4650678365731595,0.111446093269578,1.4164576634194217,-1.22,1.0074996205258653,0.012281434287816,0.9993631377813352
-0.705,1.478333514946787,0.1585800175372,1.426681631861522,-1.21,1.008559792165971,0.01564486631676,0.999342449817019
-0.695,1.4835450314507126,0.121725586978763,1.437163156799566,-1.2,1.0095358231997191,0.018514153811604,0.9993209202540576
-0.685,1.4969686345668836,0.155571587139776,1.4479051264501184,-1.1900000000000002,1.010158463686765,0.014706944972674,0.9992985079406336
-0.67499999999999,1.4976003335370565,0.2219893194379389,1.458909919123651,-1.18,1.0079708079214678,0.041464019208857,0.9992751693740844
-0.6649999999999999,1.502969774783525,0.161792256846927,1.4701793196021358,-1.17,1.006658214462289,0.039431438584473,0.9992508585472564
-0.655,1.515761678929523,0.214195031638025,1.4817144255407362,-1.16,1.0074996205258653,0.024575001383769,0.9992255267835548
-0.64499999999999,1.521762819146164,0.151510750476071,1.4935155428079472,-1.15,1.0075501048896798,0.016316382399742,0.999199122559764
-0.635,1.525868862452287,0.18556201460626,1.5055820685701888,-1.14,1.007752042344938,0.011804963212888,0.999171591315632
-0.625,1.5396083150535445,0.176446240526282,1.517912360808635,-1.13,1.0080549485278254,0.018215492662776,0.999142875249118
-0.61499999999999,1.545135681042556,0.15254685156412,1.530503592828747,-1.12,1.007987636042739,0.013260595529039,0.9991129130961054
-0.605,1.555874563535493,0.145428024165282,1.543351591187747,-1.11,1.0092834013806464,0.013966753739624,0.999081639893272
-0.5950000000000001,1.560612305811789,0.132783379765312,1.5564506553206017,-1.1,1.0097714168975205,0.0146042295130359,0.9990489867226832
-0.5849999999999901,1.5711932635621824,0.140684174493598,1.5697933569926843,-1.09,1.010141635565494,0.015796559272739,0.9990148804365498
-0.575,1.581300447084946,0.178752245490361,1.5833703175497325,-1.08,1.0117907914501028,0.017670581697201,0.998979243360432
-0.565,1.5994617924774128,0.211357232345113,1.597169960773081,-1.0699999999999998,1.013675541032513,0.0266864616477929,0.9989419929730222
-0.55499999999999,1.6076738790896588,0.252471706842574,1.611178238984646,-1.06,1.0135409160623408,0.0331291142733689,0.9989030415604536
-0.545,1.6225188048887182,0.259870884961585,1.625378329887366,-1.05,1.0120095570266323,0.033901570403207,0.9988622958428804
-0.5349999999999999,1.6375216554303216,0.235575756422362,1.6397503014769477,-1.04,1.0108652447801691,0.033876941580194,0.998819656570868
-0.5249999999999899,1.6304150420158776,0.30357547125179,1.6542707422291762,-1.03,1.0095526513209907,0.0341032054771789,0.99877501808888
-0.515,1.6417856234789874,0.250928033253205,1.668912353666402,-1.02,1.011740307086288,0.013677770043163,0.998728267862888
-0.505,1.645575817300024,0.257414525725391,1.6836435023497494,-1.01,1.011925416420275,0.013341275914968,0.998679285968834
-0.49499999999999,1.6544196028824427,0.218009613708817,1.698427728350881,-1.0,1.0127668224838509,0.01260602522161,0.9986279445383468
-0.485,1.663105463722318,0.200933534342621,1.713223207355696,-0.99,1.013574572304884,0.012425011116269,0.9985741071577507
-0.475,1.6670535822858976,0.165743780434846,1.7279821637727388,-0.98,1.0142645252770162,0.0177219583449549,0.9985176282160052
-0.4649999999999999,1.6847411534507348,0.179959822140286,1.742650232605056,-0.97,1.0142140409132014,0.013033863214717,0.998458352196766
-0.455,1.6888471967568577,0.206252628608707,1.7571657684512516,-0.96,1.014685228308804,0.015909379841717,0.998396112909259
-0.44499999999999,1.6991123050221648,0.2210887024603519,1.7714591008951728,-0.95,1.0155434624936517,0.01828491015643,0.9983307326521138
-0.4349999999999999,1.7040079720410035,0.195106786538286,1.785451736813477,-0.94,1.017394555833519,0.01708827477209,0.9982620213036776
-0.425,1.7155364782466562,0.203993677790455,1.7990555118834897,-0.93,1.0187576336565116,0.0113202900098099,0.998189775331661
-0.41499999999999,1.720116295780409,0.141771631523872,1.812171695944084,-0.92,1.0189763992330416,0.024230526349732,0.9981137767141894
-0.4049999999999999,1.7073243916344107,0.19777296977647,1.824690060018729,-0.91,1.017377727712247,0.051683806558642,0.9980337917634976
-0.395,1.710956660712904,0.192560510822131,1.8364879169526025,-0.8999999999999999,1.0158968530403534,0.025078685344952,0.997949569842543
-0.38499999999999,1.710167037000188,0.237573231343259,1.8474291529919469,-0.89,1.017344071469704,0.014398670639494,0.9978608419637636
-0.375,1.7259595112545068,0.210629345326311,1.857363274537708,-0.88,1.017394555833519,0.007866607920344,0.9977673192580128
-0.365,1.7378038669452462,0.232688449064051,1.8661245030790343,-0.8699999999999999,1.018303274382181,0.014584825961881,0.9976686913003806
-0.35499999999999,1.7243802638290748,0.212119753764699,1.8735309623521976,-0.86,1.018505211837439,0.009863905558766,0.9975646242781268
-0.345,1.7066926926642378,0.208323343822836,1.8793840155188997,-0.8500000000000001,1.0189090867479556,0.016789105657011,0.9974547589842798
-0.335,1.7311710277584322,0.265230436163145,1.8834678270860865,-0.84,1.019834633417889,0.018248192613095,0.9973387086185992
-0.32499999999999,1.7475952009829236,0.192560510822131,1.8855492448737965,-0.83,1.0211135706345245,0.018928142550717,0.9972160563754908
-0.315,1.7472793514978373,0.243494304646848,1.885378122005272,-0.8200000000000001,1.022779554640405,0.0196824284691599,0.9970863527961238
-0.305,1.7038500472984606,0.2384556271802959,1.882688227938171,-0.8099999999999999,1.0242604293122983,0.027862987093872,0.9969491128593394
-0.29499999999999,1.7376459422027029,0.293493243847261,1.8771989310124952,-0.8,1.0256403352565633,0.0273293750491709,0.9968038127829738
-0.285,1.73353989889658,0.2457854223624689,1.8686178724407507,-0.79,1.0237051013103384,0.035252911162458,0.9966498865038618
-0.2749999999999999,1.6956379606862146,0.202443453225511,1.8566448919626943,-0.7799999999999999,1.022039117304458,0.038000895253838,0.9964867218010118
-0.2649999999999899,1.700217778219967,0.2077744345019559,1.8409775062787208,-0.77,1.022039117304458,0.032705760673716,0.9963136560221862
-0.255,1.702902498843201,0.18224297768929,1.8213182789960007,-0.76,1.022914179610577,0.027626619086067,0.9961299713693142
-0.24499999999999,1.7096932627725585,0.239032929205818,1.7973844490546609,-0.75,1.024142632463398,0.013079524112019,0.9959348896927432
-0.23499999999999,1.703534197813374,0.264511847911883,1.768920194320235,-0.74,1.025505710286391,0.020573965281934,0.9957275667382014
-0.2249999999999999,1.679845486431896,0.368664781784054,1.7357118852674895,-0.73,1.0257917883480068,0.011875456262115,0.9955070857834168
-0.215,1.6681590554836998,0.368664781784054,1.69760661290334,-0.7200000000000101,1.0270707255646423,0.017170934492385,0.9952724505934956
-0.20499999999999,1.647312989467999,0.416063437799825,1.654534132748933,-0.7100000000000001,1.0265153975626822,0.016379290485759,0.9950225776152866
-0.1949999999999999,1.6282040956202732,0.450249535610059,1.6065321256831195,-0.7000000000000001,1.027087553685914,0.015407758265417,0.994756287320913
-0.1849999999999899,1.5947240502011173,0.459529723268036,1.5537743068074072,-0.69,1.0277270222942316,0.010208443804745,0.9944722945992436
-0.17499999999999,1.5527160686846293,0.414156656776135,1.496600386694998,-0.6799999999999999,1.0278111629005893,0.020231352358415,0.9941691980811804
-0.165,1.5105501624255977,0.468914590681235,1.4355461859501877,-0.67000000000001,1.03036903733386,0.0144234923857849,0.993845468269982
-0.15499999999999,1.459698395326691,0.376276946874693,1.371371325700098,-0.66,1.0294939750277412,0.0150227850586319,0.9934994343312148
-0.145,1.4416949746767675,0.290110441958842,1.305080903599536,-0.65,1.0282823502961915,0.04159286388562,0.9931292693780897
-0.135,1.412005123078648,0.356530167135334,1.2379365168277148,-0.64,1.026330288228695,0.038100778726114,0.9927329740665088
-0.12499999999999,1.378998851887122,0.253177806603606,1.1714510909772364,-0.63,1.025993725803265,0.023760323671933,0.9923083582898834
-0.1149999999999999,1.3482035270912,0.333048031498713,1.107361491854418,-0.62,1.0273399755049866,0.017657081107552,0.9918530207361924
-0.105,1.2935615661712567,0.278851876121936,1.047573199065798,-0.61,1.026700506896669,0.018417296470134,0.9913643260384916
-0.09499999999999,1.259449821781928,0.310124782610776,0.9940728128057468,-0.6,1.0258759289543644,0.019129440605994,0.9908393792145986
-0.0849999999999999,1.2044920113768984,0.341916137552658,0.948807202867212,-0.59,1.0257413039841925,0.017644414923066,0.990274997051482
-0.075,1.1291619091837977,0.416571068898993,0.9135328398755842,-0.58,1.0244455386462854,0.014248832151287,0.9896676760443522
-0.06499999999999,1.0629914420582016,0.2287915927016029,0.8896450254054056,-0.5700000000000001,1.023233913914736,0.017938459886321,0.9890135564489616
-0.055,1.0149823203250723,0.314729558650624,0.8780035483572108,-0.5599999999999999,1.021164054998339,0.021699383383661,0.988308381947456
-0.045,0.9796071779953982,0.3979776075009439,0.8787773137309546,-0.5499999999999999,1.0208274925729086,0.017399436225325,0.9875474543625672
-0.03499999999999,0.9244914428478254,0.442557221304619,0.8913338498700458,-0.54,1.0220222891831865,0.031178548189698,0.9867255827812011
-0.025,0.8458449210613175,0.260979769215814,0.9141984511586192,-0.53,1.0202721645709485,0.035458631472903,0.9858370263658146
-0.01499999999999,0.8125228003847047,0.35511357332293,0.945100904154615,-0.52,1.0158631967978105,0.0486780094504609,0.9848754300396412
-0.0049999999999999,0.7419304404678995,0.353784075401988,0.981115514156343,-0.51,1.010663307324911,0.042822091446601,0.983833752129152
0.0049999999999999,0.6778129949953648,0.364673177763644,1.0188844858436572,-0.5,1.0070957456153489,0.036398241309117,0.9827041829336696
0.015,0.6367525619341359,0.267497319951287,1.054899095845419,-0.49,1.0050427148202234,0.023662894651634,0.9814780530675448
0.025,0.610852904157053,0.370387615088495,1.0858015488413808,-0.48,0.99991013783241,0.027977758819095,0.9801457302850028
0.0349999999999999,0.5922177845369567,0.4082961055946379,1.108666150129972,-0.46999999999999,0.9951141232700268,0.0207212231052309,0.9786965033524933
0.04499999999999,0.5762673855400948,0.3502902772063559,1.1212226862690386,-0.4599999999999999,0.9887530934293928,0.025946229967105,0.977118451380004
0.055,0.5802155041036745,0.388473917580425,1.1219964516427892,-0.4499999999999999,0.985909140934506,0.022117770795153,0.9753982968643382
0.065,0.6170119691162375,0.380853934316918,1.1103549745945769,-0.4399999999999899,0.9823752354674868,0.022650452509524,0.9735212405390448
0.07499999999999,0.6666003382747985,0.383354833088938,1.0864671601244458,-0.43,0.9779494395730772,0.018111279019848,0.9714707759748356
0.0849999999999999,0.6934475445071406,0.280728487197863,1.051192797132788,-0.42,0.976031033748124,0.018173714894292,0.9692284817423794
0.095,0.7521955487332067,0.3695183218089329,1.0059271871942033,-0.40999999999999,0.974903549622932,0.015606712702306,0.9667737888522469
0.1049999999999899,0.7915188096264607,0.311058787314187,0.9524268009342594,-0.4,0.9751727995632766,0.02971385681941,0.964083721146727
0.1149999999999999,0.8115752519294455,0.4252994628618989,0.8926385081455821,-0.3899999999999999,0.9762834555671968,0.076193537707806,0.9611326063666152
0.125,0.8562679540691679,0.479436761589525,0.8285489090226981,-0.38,0.9768892679329716,0.087202353958312,0.9578917557951916
0.135,0.8779036437975847,0.529259362681579,0.7620634831722852,-0.36999999999999,0.980759735825421,0.087400394713541,0.9543291107483642
0.145,0.8818517623611644,0.592727911102951,0.6949190964004639,-0.36,0.9888204059144788,0.0379993263627589,0.9504088548112796
0.155,0.9603403594051292,0.6822468166954889,0.6286286742998373,-0.35,0.992068233319882,0.043187730077458,0.9460909917177353
0.165,0.9641305532261656,0.5362958996663371,0.5644538140498123,-0.3399999999999999,0.9974027477629536,0.055919280465579,0.9413308902617906
0.17499999999999,0.8864315798949169,0.5351590034167599,0.5033996133050023,-0.33,1.0054634178520114,0.022150092952023,0.9360787997899056
0.185,0.8870632788650896,0.519830157301201,0.4462256931925379,-0.32,1.0086607608936,0.020266683277898,0.9302793428635734
0.1949999999999999,0.909172742821136,0.46705214156345,0.3934678743168802,-0.31,1.0105791667185533,0.0177513696144879,0.9238709958762557
0.20499999999999,0.878219493282671,0.486457319904096,0.3454658672510668,-0.3,1.0145001189748173,0.042405178540969,0.9167855740865553
0.215,0.8338426406280351,0.359686157623316,0.3023933870966599,-0.29,1.0214333049386837,0.05248079623936,0.9089477450888293
0.2249999999999999,0.7926242828242629,0.303726771593596,0.2642881147325107,-0.2799999999999999,1.0225439609426037,0.063122044524675,0.9002746046423546
0.23499999999999,0.7465102580016519,0.26490855144237,0.2310798056797647,-0.27,1.0261115226521658,0.090253705394181,0.8906753615277554
0.245,0.6718118547787237,0.3308057642893109,0.2026155509453129,-0.26,1.030301724848774,0.102898075511419,0.8800511942139978
0.255,0.599956096921573,0.336529710332107,0.1786817210039986,-0.25,1.0387157854845337,0.09154103961162,0.8682953620652112
0.265,0.5112023916123011,0.368379828962375,0.1590224937212613,-0.24,1.034643380136826,0.085167235594587,0.8552936778879661
0.2749999999999999,0.4082354594741422,0.3017147969884189,0.1433551080373053,-0.2299999999999999,1.0318667401270254,0.062869360378217,0.8409254767569316
0.285,0.3136385386907723,0.357210635521747,0.131382127559249,-0.22,1.0184883837161671,0.076016497135026,0.8250652475716157
0.295,0.2023015951978244,0.342560495819574,0.1228010689874973,-0.21,0.9931957174450738,0.0975022658039,0.8075851269818375
0.30499999999999,0.0963340929513449,0.311918463169925,0.1173117720618336,-0.2,0.9591692562340616,0.118661148799338,0.7883584869287772
0.315,0.0194247433328121,0.153122291439429,0.1146218779947282,-0.19,0.9139689224987606,0.152613428105385,0.7672648716570954
0.325,0.013423603116171,0.069407501190209,0.114450755126205,-0.18,0.8602535594000708,0.176214236854851,0.744196549353979
0.33499999999999,0.0262155072621692,0.099932931859371,0.1165321729139104,-0.1699999999999999,0.804569306112613,0.166459136869627,0.7190669257456472
0.345,0.0336379701616991,0.090662963079434,0.1206159844811005,-0.16,0.7548253796340018,0.140564789560914,0.6918210064244246
0.355,0.0467457237927837,0.073611085385382,0.1264690376478093,-0.15,0.7151278415544875,0.114850378520205,0.6624479725047366
0.365,0.0596955526813252,0.104955720585079,0.1338754969209657,-0.13999999999999,0.681606223981621,0.158519792910029,0.6309957301803479
0.375,0.0715399083720643,0.120064356282945,0.1426367254622922,-0.13,0.6472095441026353,0.1714713457882589,0.5975869914026699
0.385,0.0928597486153948,0.105703455429256,0.1525708470080633,-0.12,0.6077644278421939,0.194991079181871,0.562436032467013
0.395,0.1004401362574678,0.08487512529985,0.1635120830473977,-0.10999999999999,0.5638935156873429,0.167540829467213,0.5258647717514999
0.4049999999999999,0.1179697826797618,0.124782113414074,0.1753099399812711,-0.1,0.5180200571011812,0.154923711446572,0.4883162509131595
0.415,0.1356573538445989,0.125286031116817,0.1878283040559288,-0.09,0.4700094271135363,0.127998563103788,0.4503630820641202
0.425,0.1490809569607699,0.076410979411894,0.2009444881165104,-0.07999999999999,0.4305306546105518,0.12027153874167,0.4127080708287005
0.4349999999999999,0.1531870002668928,0.061056590244247,0.2145482631865231,-0.0699999999999999,0.3927515223559908,0.1119423286149,0.3761742136841804
0.445,0.1648734312150887,0.108255624046407,0.2285408991048411,-0.06,0.3591121079342235,0.108598525098969,0.3416817764110547
0.455,0.1814555291821235,0.13301055423383,0.2428342315487483,-0.05,0.3237225689002183,0.1058533956402099,0.3102113187288292
0.4649999999999999,0.2041966921083426,0.095183321230584,0.257349767394944,-0.04,0.2884676548363852,0.101439408410785,0.2827533467096795
0.475,0.2218842632731798,0.108388921445589,0.2720178362272613,-0.03,0.2592708644302991,0.072549348829545,0.2602475693922118
0.485,0.2351499416468076,0.121887234060267,0.2867767926443038,-0.02,0.2406421341827271,0.05491338819106,0.2435171145720971
0.49499999999999,0.2468363725950035,0.102102956668575,0.3015722716491188,-0.01,0.2304442926921864,0.031270673283129,0.2332049610963191
0.505,0.2555222334348789,0.05696362389036,0.3163564976502506,0.0,0.229720683477511,0.030013308673635,0.2297206834775108
0.515,0.2691037612935932,0.131072028356923,0.331087646333598,0.0099999999999999,0.2349878854354966,0.034798872450651,0.2332049610963191
0.5249999999999899,0.2828432138948505,0.132615218081572,0.3457292577708238,0.0199999999999899,0.2480969919060102,0.0465365976934109,0.2435171145720834
0.5349999999999999,0.2986356881491694,0.088434887264165,0.3602496985230523,0.02999999999999,0.2560230370248958,0.031743724182967,0.2602475693921918
0.545,0.3156915603438338,0.113869624365076,0.374621670112634,0.03999999999999,0.2614248639530535,0.027943643488713,0.2827533467096543
0.555,0.3264304428367706,0.132139253448405,0.3888217610153682,0.05,0.2750219859404412,0.055154691886973,0.3102113187288292
0.565,0.339380271725312,0.108194980030642,0.4028300392269188,0.05999999999999,0.2933646381263973,0.06045588007288,0.3416817764110215
0.575,0.3493295305055329,0.08159489718526,0.4166296824502676,0.06999999999999,0.3085267753920363,0.067082699009595,0.3761742136841447
0.585,0.3578574666028651,0.102012924441369,0.430206643007329,0.07999999999999,0.3272228181246943,0.086311763911672,0.4127080708287005
0.5950000000000001,0.36701710167037,0.112068603559688,0.4435493446793985,0.08999999999999,0.3497220162647158,0.091169222780864,0.4503630820640824
0.605,0.3807565542716274,0.131021945428054,0.456648408812253,0.1,0.3724568081025384,0.0932471023756419,0.4883162509131595
0.615,0.392127135734737,0.0973648320676179,0.4694964071712659,0.10999999999999,0.3936434127833813,0.08205208979263,0.5258647717514999
0.625,0.4044452656531057,0.10065277761848,0.4820876391913649,0.12,0.4130294084881717,0.08662014154754,0.562436032467013
0.635,0.4158158471162153,0.118302171436399,0.4944179314298111,0.13,0.4384062153656229,0.105255404515739,0.5975869914026699
0.645,0.4292394502323863,0.138587871054486,0.5064844571920644,0.13999999999999,0.4658023967956565,0.096023566220084,0.6309957301803479
0.655,0.4412417306656686,0.115529035028327,0.5182855744592637,0.14999999999999,0.490186344518088,0.098424106160366,0.6624479725047063
0.6649999999999999,0.4494538172779144,0.074673349313966,0.5298206803978642,0.1599999999999899,0.5153443858190095,0.0934535454703709,0.6918210064243961
0.675,0.4551391080094691,0.072388344305619,0.5410900808763603,0.1699999999999999,0.5408558176666329,0.09405383570475,0.7190669257456472
0.685,0.4598768502857648,0.074179519196529,0.5520948735498815,0.18,0.5721392951103874,0.102238937009917,0.744196549353979
0.695,0.4725108296892199,0.128564402144755,0.5628368432004341,0.18999999999999,0.60439880358789,0.097585387955231,0.7672648716570734
0.705,0.4778802709356883,0.134823905854605,0.5733183681384781,0.2,0.6355981404252871,0.097284957892533,0.7883584869287772
0.715,0.4810387657865521,0.132466662844978,0.5835423365805785,0.21,0.668614914360008,0.1052044149905259,0.8075851269818375
0.7250000000000001,0.4900404761115139,0.101587412063194,0.5935120720182636,0.2199999999999899,0.7036510628473114,0.098349119008977,0.825065247571599
0.735,0.4977787884961301,0.106692283841055,0.6032312666853655,0.2299999999999999,0.7361629931438868,0.106598858709354,0.8409254767569316
0.745,0.5034640792276848,0.120990078208998,0.6127039223154549,0.24,0.7731175474561434,0.116634145753262,0.8552936778879661
0.755,0.5110444668697579,0.081078468597149,0.6219342974579769,0.2499999999999899,0.810913507831976,0.114688307130627,0.8682953620651989
0.765,0.512781639037733,0.128513341972701,0.6309268606918681,0.26,0.8485916713589077,0.1075630221862229,0.8800511942139978
0.775,0.5228888225604971,0.113869624365076,0.6396862491392626,0.2699999999999899,0.8864381160985548,0.111205612289274,0.8906753615277453
0.7849999999999999,0.5208358009074356,0.111740162315442,0.6482172317398852,0.2799999999999999,0.9188154214249582,0.0885357510943549,0.9002746046423546
0.795,0.5241522205008425,0.160881018947147,0.6565246767993382,0.29,0.9457572435806608,0.0848951967061849,0.9089477450888293
0.80499999999999,0.5203620266798061,0.134736253506503,0.6646135233721631,0.29999999999999,0.9702589881519929,0.064584871426457,0.9167855740865478
0.8149999999999901,0.537102049389384,0.145455099851897,0.6724887560837955,0.30999999999999,0.9885848122166776,0.049837802598487,0.923870995876249
0.82499999999999,0.5438928133187411,0.124497763374747,0.6801553830344282,0.31999999999999,1.0021146217189791,0.044643374704152,0.9302793428635672
0.83499999999999,0.5514732009608141,0.067509242562176,0.6876184164634046,0.3299999999999899,1.009889213746421,0.024008064497423,0.9360787997899
0.84499999999999,0.5536841473564188,0.072533266060908,0.6948828558844128,0.33999999999998,1.0179667119567504,0.031008380577383,0.9413308902617806
0.85499999999999,0.5565267927221962,0.067664615017543,0.7019536734307498,0.34999999999999,1.0246811323440863,0.034882291814535,0.9460909917177306
0.8649999999999901,0.5615803844835783,0.091427091570879,0.7088358011759086,0.35999999999998,1.0252364603460469,0.048140131393872,0.9504088548112716
0.87499999999999,0.5609486855134055,0.087794316184763,0.715534120218243,0.36999999999999,1.0256571633778346,0.0467946643428179,0.9543291107483642
0.88499999999999,0.5678973741853057,0.105305324238951,0.7220534513396707,0.3799999999999899,1.0293425219362975,0.02032323166793,0.957891755795188
0.89499999999999,0.573108890689231,0.102205753529918,0.7283985470674951,0.38999999999999,1.032304271280085,0.024504547475746,0.961132606366612
0.90499999999999,0.578162482450613,0.111540279716365,0.73457408498567,0.39999999999998,1.0333980991627336,0.023380923218312,0.9640837211467216
0.91499999999999,0.5821106010141927,0.117332876115978,0.7405846621573852,0.40999999999999,1.0318330838844822,0.018868993192893,0.9667737888522469
0.92499999999999,0.5911123113391545,0.122660174768522,0.7464347905348586,0.41999999999999,1.0323210994013563,0.017771509210203,0.9692284817423772
0.93499999999999,0.5967976020707092,0.112943651488289,0.7521288932448545,0.4299999999999799,1.0318667401270254,0.020367186513453,0.9714707759748314
0.94499999999999,0.6021670433171777,0.115153477894474,0.7576713016498315,0.4399999999999899,1.0344582708028394,0.025826470410833,0.9735212405390448
0.95499999999999,0.6024828928022641,0.155030643332087,0.7630662530948743,0.4499999999999899,1.035720379898203,0.024350177937394,0.9753982968643364
0.96499999999999,0.605799312395671,0.109701023468243,0.768317889259802,0.45999999999999,1.0376387857231566,0.03587650433578,0.9771184513800024
0.97499999999999,0.6061151618807574,0.116794649075744,0.773430255044169,0.46999999999999,1.036645926568137,0.036947716600003,0.9786965033524933
0.98499999999999,0.6130638505526577,0.119021205701189,0.7784072979203642,0.47999999999999,1.0322537869162702,0.046385181563234,0.9801457302850014
0.99499999999999,0.6171698938587806,0.095801892179112,0.7832528676967632,0.48999999999999,1.0297632249680857,0.031803298102825,0.9814780530675437
1.00499999999999,0.6196966897394716,0.109701023468243,0.7879707166389627,0.49999999999999,1.0272558348986291,0.034644339762276,0.9827041829336682
1.01499999999999,0.6261716041837423,0.144513515800181,0.7925644999025971,0.50999999999999,1.027356803626258,0.0151108263661709,0.983833752129151
1.02499999999999,0.6294880237771493,0.131272168996257,0.7970377762361536,0.51999999999999,1.0269529287157415,0.016563882285606,0.9848754300396404
1.03499999999999,0.6339099165683586,0.132862441028504,0.8013940089166396,0.52999999999999,1.0270370693220994,0.013832717840154,0.9858370263658136
1.04499999999999,0.6321727444003835,0.161141898443845,0.8056365668849323,0.5399999999999899,1.0266331944115827,0.018921842095337,0.9867255827812004
1.05499999999999,0.6400689815275429,0.14646234393548,0.8097687260512342,0.5499999999999899,1.0261620070159805,0.015070331905907,0.9875474543625664
1.06499999999998,0.6416482289529748,0.134111295779812,0.8137936707442683,0.5599999999999901,1.0254215696800333,0.021643675954415,0.9883083819474552
1.07499999999999,0.6498603155652206,0.0825385919800879,0.8177144952807891,0.56999999999999,1.024142632463398,0.0168626278263049,0.9890135564489608
1.08499999999999,0.6484389928823319,0.088805188219244,0.8215342056344678,0.57999999999999,1.0232170857934644,0.017661301150419,0.9896676760443516
1.09499999999999,0.653492584643714,0.073824760973838,0.8252557211857828,0.58999999999999,1.024697960465358,0.018511738554427,0.9902749970514816
1.10499999999999,0.6549139073266026,0.165640792152279,0.8288818765363697,0.59999999999998,1.0236041325827094,0.032176031205797,0.9908393792145976
1.11499999999999,0.6552297568116889,0.08034662510302,0.8324154233733935,0.60999999999999,1.0206087269963788,0.0543181989357159,0.991364326038491
1.12499999999999,0.6563352300094912,0.049782232875977,0.8358590323710936,0.61999999999999,1.0183705868672668,0.043453681083566,0.991853020736192
1.13499999999999,0.6593358001178119,0.080607597369927,0.8392152951182072,0.62999999999998,1.0170243371655452,0.0282138264206249,0.9923083582898824
1.14499999999999,0.6629680691963051,0.075233757545266,0.8424867260613288,0.63999999999999,1.0172262746208036,0.020527549057475,0.9927329740665084
1.15499999999999,0.6624942949686756,0.074514975118045,0.8456757644554992,0.64999999999999,1.0160314780105255,0.01660611996194,0.9931292693780892
1.16499999999999,0.6640735423941075,0.0825385919800879,0.8487847763144034,0.6599999999999799,1.0148535095215192,0.021901070735724,0.993499434331214
1.17499999999999,0.6651790155919098,0.0901547993033149,0.8518160563535415,0.6699999999999899,1.014230869034473,0.015110826366172,0.9938454682699812
1.18499999999999,0.6711801558085511,0.121466504201215,0.8547718299206177,0.67999999999999,1.0140121034579432,0.021819253362118,0.99416919808118
1.19499999999999,0.6816031888164015,0.133059888664603,0.8576542549081717,0.6899999999999801,1.0136082285474268,0.014661269544114,0.9944722945992428
1.20499999999999,0.6883939527457585,0.121887234060267,0.8604654236441834,0.6999999999999901,1.0129855880603806,0.023153517429432,0.9947562873209128
1.21499999999999,0.687920178518129,0.111599105879263,0.8632073647570057,0.70999999999999,1.0122619788457052,0.02195544626659,0.9950225776152865
1.22499999999999,0.6899732001711905,0.123598315967222,0.8658820450115358,0.71999999999998,1.012665853756222,0.0351512955841799,0.9952724505934948
1.23499999999999,0.692184146566795,0.152090110537662,0.8684913711140385,0.72999999999999,1.0114374009034008,0.032311468958587,0.9955070857834164
1.24499999999999,0.6951847166751157,0.129581380513396,0.8710371914834713,0.73999999999999,1.0098723856251497,0.036223792429721,0.9957275667382012
1.25499999999999,0.6985011362685226,0.134111295779812,0.8735212979875561,0.74999999999998,1.0079708079214678,0.017399436225325,0.9959348896927428
1.26499999999999,0.697079813585634,0.120424599285285,0.8759454276421939,0.75999999999999,1.007297683070607,0.016771341282492,0.996129971369314
1.27499999999999,0.6992907599812386,0.120119008002414,0.878311264273121,0.7699999999999899,1.0082737141043552,0.019275362335738,0.996313656022186
1.28499999999999,0.7010279321492137,0.1461752681354159,0.8806204401389829,0.77999999999998,1.007297683070607,0.014441048642636,0.9964867218010116
1.29499999999998,0.7032388785448183,0.112384405709097,0.8828745375152414,0.78999999999999,1.0061197145816003,0.012752960403996,0.9966498865038615
1.30499999999999,0.7043443517426206,0.091656520015857,0.8850750902385531,0.7999999999999899,1.005379277245654,0.015310718893087,0.9968038127829736
1.31499999999999,0.7056077496829661,0.128155351148793,0.8872235852113896,0.8099999999999901,1.005059542941495,0.01520424053098,0.9969491128593392
1.32499999999999,0.7048181259702502,0.1196262436878729,0.8893214638669507,0.81999999999999,1.0047734648798792,0.018672071866622,0.9970863527961236
1.33499999999999,0.7123985136123232,0.112010023970949,0.8913701235944108,0.82999999999999,1.005126855426581,0.011529024620238,0.9972160563754906
1.34499999999999,0.7098717177316323,0.109832566684209,0.8933709191247851,0.8399999999999901,1.0054970740945544,0.017003460235974,0.997338708618599
1.35499999999998,0.7100296424741754,0.112536142525796,0.8953251638777454,0.84999999999999,1.0070452612515344,0.013024711826392,0.9974547589842796
1.36499999999999,0.7092400187614595,0.1134075830016489,0.89723413126984,0.8599999999999899,1.007718386102395,0.012511081108119,0.9975646242781266
1.37499999999999,0.7135039868101256,0.119021205701189,0.8990990559845938,0.86999999999999,1.0061701989454153,0.039709787366813,0.9976686913003804
1.38499999999999,0.710503416701805,0.1188335707259879,0.9009211352051382,0.87999999999999,1.0038142619674024,0.044856202103046,0.9977673192580124
1.39499999999999,0.7169783311460757,0.149908154362233,0.902701529809944,0.8899999999999899,1.0025858091145816,0.023442675726775,0.9978608419637636
1.40499999999999,0.7242428693030624,0.131671537637219,0.9044413655323832,0.89999999999999,1.0033094183292568,0.014046561370318,0.9979495698425428
1.41499999999999,0.7228215466201736,0.0968240623646189,0.906141734084826,0.90999999999999,1.002956027782555,0.018271863483234,0.9980337917634976
1.42499999999999,0.724716643530692,0.148668387056007,0.9078036942480342,0.91999999999999,1.0039488869375748,0.0160288465329949,0.9981137767141894
1.4349999999999898,0.7244007940456055,0.133719213970815,0.9094282729266244,0.92999999999999,1.0039488869375748,0.014340586152904,0.9981897753316608
1.44499999999999,0.7310336332324194,0.134969866605214,0.9110164661714004,0.93999999999999,1.004487386818263,0.0201486726187809,0.9982620213036776
1.45499999999999,0.7304019342622468,0.148809589402504,0.9125692401693614,0.94999999999999,1.004739808637336,0.0135990861494109,0.9983307326521136
1.46499999999999,0.7382981713894061,0.125034326129041,0.9140875322022028,0.95999999999999,1.0047229805160645,0.018846072339035,0.998396112909259
1.47499999999999,0.7351396765385424,0.133168360078127,0.9155722515741372,0.96999999999999,1.0050090585776803,0.020715468009131,0.998458352196766
1.48499999999999,0.7397194940722949,0.135018485124353,0.9170242805098504,0.97999999999998,1.005900949005071,0.029841990475586,0.9985176282160052
1.49499999999999,0.7359293002512584,0.140506784549111,0.9184444750234207,0.98999999999999,1.006254339551773,0.030780672666588,0.9985741071577507
1.50499999999999,0.7395615693297517,0.114696608495741,0.9198336657590134,0.99999999999999,1.003831090088674,0.028691563658747,0.9986279445383468
1.51499999999999,0.7424042146955291,0.147960354042221,0.921192658804161,1.00999999999998,1.002333387295509,0.03732298478479,0.998679285968834
1.52499999999998,0.7401932682999244,0.143565756449556,0.92252223647643,1.01999999999999,1.0019295123849925,0.032694365811418,0.9987282678628878
1.53499999999999,0.7460364837740224,0.107281206164647,0.9238231580842704,1.02999999999999,1.0039993713013893,0.021170932572486,0.99877501808888
1.54499999999999,0.7477736559419974,0.10393774605613,0.9250961606628008,1.03999999999999,1.0049922304564087,0.0149910033807039,0.998819656570868
1.5549999999999902,0.7498266775950589,0.0995644657519549,0.9263419596853374,1.04999999999999,1.0054297616094685,0.010602349018321,0.9988622958428804
1.56499999999999,0.7484053549121702,0.103228092088122,0.9275612497513724,1.0599999999999898,1.0056316990647267,0.012425011116269,0.9989030415604536
1.57499999999999,0.7507742260503181,0.105554332210736,0.9287547052517664,1.06999999999999,1.0059514333688857,0.010804263613629,0.998941992973022
1.58499999999999,0.7534589466735523,0.0947409914655229,0.9299229810118604,1.07999999999999,1.0054297616094685,0.014579715472232,0.9989792433604318
1.5949999999999898,0.7580387642073048,0.078712621448502,0.9310667129132164,1.08999999999999,1.0054970740945544,0.017690813263828,0.9990148804365498
1.60499999999998,0.759144237405107,0.098969414143252,0.9321865184946712,1.09999999999998,1.0058168083987131,0.016792656276837,0.9990489867226832
1.61499999999999,0.7640399044239459,0.104454257035152,0.9332829975333776,1.10999999999999,1.007196714342978,0.018988677541154,0.9990816398932718
1.62499999999999,0.7626185817410571,0.060168683338734,0.9343567326064686,1.11999999999999,1.007684729859852,0.016213751097853,0.9991129130961054
1.63499999999999,0.7638819796814026,0.1010692377478399,0.9354082896340106,1.12999999999998,1.0067928394324617,0.0272638525980349,0.999142875249118
1.6449999999999898,0.765777076591921,0.102205753529918,0.9364382184038328,1.13999999999999,1.0049754023351374,0.050348374767668,0.999171591315632
1.65499999999998,0.7654612271068346,0.091813919510487,0.93744705307885,1.14999999999999,1.003056996510184,0.029565514149839,0.999199122559764
1.66499999999999,0.7670404745322664,0.110973961965335,0.9384353126874636,1.15999999999998,1.0034776995419723,0.014298952776756,0.9992255267835548
1.67499999999999,0.7671983992748096,0.108401031263117,0.9394035015975916,1.16999999999999,1.0028045746911114,0.017247150050808,0.9992508585472564
1.68499999999999,0.769093496185328,0.082935223730845,0.9403521099749024,1.17999999999998,1.003545012027058,0.011549690600741,0.9992751693740844
1.6949999999999898,0.7705148188682166,0.102718194714403,0.941281614225764,1.18999999999999,1.0034272151781576,0.015951481834993,0.9992985079406336
1.70499999999999,0.773357464233994,0.108097878839862,0.9421924774254344,1.19999999999999,1.004083511907747,0.019450096147044,0.9993209202540576
1.71499999999999,0.7754104858870554,0.11434127911905,0.9430851497319952,1.20999999999998,1.0042013087566477,0.019475367460057,0.999342449817019
1.72499999999999,0.7749367116594259,0.143565756449556,0.94396006878651,1.21999999999999,1.0041003400290185,0.016646459863119,0.9993631377813352
1.73499999999999,0.7730416147489076,0.111257481172029,0.9448176600998812,1.22999999999999,1.004638839909707,0.0223517142972939,0.999383023091166
1.74499999999999,0.7728836900063645,0.121293474905111,0.9456583374268552,1.23999999999998,1.0056148709434551,0.030416322341375,0.9994021426165272
1.75499999999999,0.7787269054804624,0.11971399447443,0.9464825031276196,1.24999999999999,1.0058168083987131,0.0296541061914019,0.9994205312778418
1.76499999999999,0.7762001095997714,0.129165387849147,0.947290548517417,1.25999999999999,1.004319105605548,0.025642876503197,0.999438222162192
1.77499999999998,0.781727475588783,0.124455582189944,0.9480828542045844,1.26999999999998,1.0023165591742371,0.0392024706149619,0.9994552466318748
1.7849999999999902,0.7818854003313261,0.142538045120535,0.9488597904174232,1.27999999999999,1.001003965715059,0.027442576704867,0.999471634425823
1.79499999999999,0.7810957766186102,0.137904232553004,0.9496217173202676,1.28999999999999,1.0018285436573633,0.0219010707357249,0.9994874137544024
1.80499999999999,0.7844121962120172,0.136824412847687,0.9503689853191494,1.29999999999998,1.0014246687468469,0.017281682370998,0.9995026113880636
1.81499999999999,0.7850438951821899,0.165069232073857,0.95110193535739,1.30999999999999,1.0016434343233764,0.013098881795524,0.9995172527402796
1.82499999999998,0.7853597446672762,0.130941772897722,0.9518208992014858,1.3199999999999898,1.001592949959562,0.015537800105478,0.9995313619451812
1.8349999999999904,0.7872548415777946,0.122916741563975,0.9525261997176154,1.32999999999998,1.0026194653571248,0.017161383748116,0.9995449619302536
1.84499999999999,0.7908871106562879,0.136102988370663,0.953218151139083,1.33999999999999,1.0038647463312171,0.018694408797289,0.9995580744844452
1.85499999999999,0.7919925838540902,0.139334115198616,0.9538970593250324,1.34999999999999,1.004319105605548,0.017003460235974,0.999570720322004
1.86499999999999,0.7983095735558178,0.120326458154882,0.9545632220107076,1.35999999999998,1.0044537305757202,0.016469130199919,0.999582919142334
1.8749999999999896,0.7965724013878427,0.1625450277466429,0.9552169290495676,1.36999999999999,1.0048576054862368,0.02123770803651,0.9995946896861484
1.8849999999999905,0.7987833477834474,0.155039110093969,0.9558584626475302,1.37999999999999,1.0064394488857595,0.014620549372313,0.9996060497881666
1.89499999999999,0.7927822075668061,0.170552564925471,0.9564880975896156,1.38999999999999,1.006254339551773,0.019854330671576,0.9996170164265914
1.90499999999999,0.7975199498431018,0.143648021238915,0.9571061014592532,1.39999999999999,1.004386418090634,0.0483535963673779,0.9996276057695817
1.91499999999999,0.7942035302496949,0.117500566463253,0.9577127348505016,1.40999999999998,1.0025521528720387,0.043081651092945,0.99963783321892
1.9249999999999896,0.7954669281900404,0.115153477894474,0.958308251573426,1.41999999999999,1.002737262206025,0.026686461647794,0.9996477134510624
1.9349999999999896,0.7946773044773244,0.130590439361681,0.9588928988528695,1.42999999999999,1.0030401683889123,0.019376392194022,0.9996572604557435
1.94499999999998,0.8000467457237928,0.138284448969509,0.9594669175208422,1.43999999999998,1.0034608714207007,0.015031711548412,0.9996664875722931
1.95499999999999,0.801152218921595,0.122231366692337,0.9600305422027502,1.44999999999999,1.0029055434187406,0.022412312522662,0.9996754075238182
1.96499999999999,0.801152218921595,0.136440127822963,0.9605840014976652,1.45999999999999,1.002737262206025,0.009722365671575,0.9996840324493844
1.9749999999999897,0.8046265632575453,0.085045076571935,0.9611275181528582,1.46999999999998,1.003275762086714,0.022813058436066,0.9996923739343284
1.9849999999999897,0.805258262227718,0.107220011016114,0.9616613092327696,1.47999999999999,1.0037132932397734,0.012634369327594,0.999700443038819
1.99499999999999,0.8092063807912977,0.097539936700589,0.9621855862826224,1.48999999999999,1.004571527424621,0.02070683236587,0.9997082503247776
2.00499999999999,0.8084167570785817,0.13301055423383,0.9627005554868536,1.49999999999998,1.0054634178520114,0.022655716078411,0.999715805881263
2.01499999999999,0.8096801550189273,0.096280255411065,0.9632064178225408,1.50999999999999,1.006069230217786,0.031304495648665,0.9997231193484172
2.02499999999999,0.8032052405746566,0.1445952413803859,0.9637033692079934,1.51999999999999,1.0049754023351374,0.032557774180694,0.999730199940059
2.03499999999999,0.8058899611978909,0.10954535965517,0.9641916006466748,1.52999999999998,1.0027036059634822,0.037476017076745,0.999737056465014
2.0449999999999897,0.8063637354255203,0.111363614783587,0.9646712983666104,1.53999999999999,1.0009703094725158,0.0305727255957019,0.9997436973472544
2.05499999999999,0.8084167570785817,0.1052429801897719,0.9651426439554336,1.5499999999999898,1.0004149814705556,0.02457439488563,0.9997501306449226
2.06499999999998,0.811891101414532,0.107220011016114,0.9656058144912224,1.55999999999998,1.001525637474476,0.0156677138883579,0.9997563640683104
2.07499999999999,0.8153654457504821,0.1268685665636739,0.966060982669261,1.56999999999999,1.0023502154167805,0.015580906196427,0.9997624049968508
2.08499999999999,0.8147337467803094,0.126121419808609,0.9665083169248638,1.57999999999999,1.0027709184485682,0.015614350883456,0.9997682604951867
2.09499999999999,0.8137861983250503,0.152090110537662,0.9669479815524034,1.58999999999999,1.002956027782555,0.01578617704403,0.9997739373283706
2.1049999999999898,0.8155233704930254,0.117556410089077,0.9673801368206568,1.59999999999999,1.0025353247507671,0.010691940040115,0.9997794419762444
2.11499999999998,0.8153654457504821,0.115153477894474,0.9678049390845996,1.60999999999999,1.0024848403869524,0.014461675775908,0.9997847806470532
2.1249999999999902,0.8226299839074688,0.133404718838422,0.9682225408937688,1.61999999999999,1.002754090327297,0.015341838272537,0.9997899592903318
2.13499999999999,0.8189977148289754,0.150990033789223,0.9686330910972988,1.62999999999999,1.0031747933590849,0.018507712425374,0.999794983609112
2.14499999999999,0.8201031880267777,0.150354063362184,0.9690367349457528,1.63999999999999,1.0041003400290185,0.020352545445847,0.9997998590714872
2.15499999999999,0.8164709189482844,0.1184019904709789,0.9694336141898492,1.64999999999999,1.0048576054862368,0.0147423724698269,0.999804590921572
2.16499999999999,0.8183660158588028,0.141586333272519,0.969823867176184,1.65999999999999,1.0038647463312171,0.03618468296581,0.9998091841898922
2.17499999999999,0.8164709189482844,0.128196314982714,0.970207628940054,1.66999999999999,1.0008020282598005,0.04335478523409,0.9998136437032368
2.1849999999999903,0.8205769622544073,0.127827167892653,0.9705850312954712,1.67999999999999,1.0002130440152974,0.029629467969526,0.9998179740940047
2.19499999999999,0.8196294137991481,0.09802320937026,0.9709562029224642,1.6899999999999902,1.0006674032896286,0.019944210400695,0.9998221798090724
2.20499999999999,0.8180501663737163,0.110369065453391,0.971321269451753,1.69999999999999,1.000297184621655,0.013721288352433,0.9998262651182104
2.21499999999999,0.8191556395715187,0.104139616109988,0.9716803535468844,1.70999999999999,0.9996240597707942,0.017053350814122,0.999830234122074
2.22499999999999,0.821050736482037,0.139183300255002,0.9720335749839104,1.71999999999999,0.9995399191644369,0.017650326940294,0.9998340907597928
2.23499999999998,0.8208928117394937,0.119021205701189,0.9723810507286906,1.7299999999999898,0.9995735754069796,0.022943352821507,0.9998378388161792
2.24499999999999,0.8224720591649255,0.134940687085555,0.9727228950118946,1.7399999999999902,0.999556747285708,0.014191184648127,0.9998414819285792
2.25499999999999,0.8246830055605303,0.122927420226222,0.973059219401777,1.74999999999999,1.0007010595321717,0.014283308974133,0.9998450235933825
2.26499999999999,0.8254726292732462,0.127281753023319,0.9733901328748036,1.75999999999999,1.0016434343233764,0.016877647066599,0.9998484671722132
2.2749999999999897,0.8256305540157893,0.1697502505997,0.9737157418841906,1.76999999999999,1.0032925902079854,0.0252569391034579,0.9998518158978176
2.28499999999998,0.8224720591649255,0.119681095469236,0.9740361504264282,1.77999999999999,1.0039993713013893,0.031796267626182,0.999855072879663
2.29499999999999,0.8249988550456167,0.135794014105227,0.9743514601058532,1.7899999999999898,1.0017107468084627,0.035920098972369,0.9998582411092672
2.30499999999999,0.8254726292732462,0.140982431989093,0.9746617701973288,1.79999999999999,0.9998933097111384,0.031228701766914,0.99986132346527
2.31499999999999,0.8298945220644555,0.144149730413073,0.9749671777071012,1.80999999999999,0.9983114663116156,0.029026230696988,0.9998643227182612
2.32499999999999,0.8276835756688508,0.14179940537692,0.9752677774318798,1.81999999999999,0.9994052941942644,0.018959613422146,0.9998672415353782
2.3349999999999898,0.8292628230942827,0.148668387056007,0.9755636620162064,1.8299999999999896,1.0006337470470854,0.011076728565673,0.9998700824846866
2.34499999999999,0.8333688664004055,0.118745169322103,0.975854922008164,1.8399999999999896,1.0011217625639597,0.013439227528866,0.9998728480393514
2.35499999999999,0.8303682962920851,0.156387888091759,0.9761416459134764,1.8499999999999897,1.0008020282598005,0.009972105200347,0.9998755405816142
2.36499999999999,0.8336847158854919,0.158248571846101,0.9764239202480536,1.85999999999999,1.0017780592935488,0.020847433272309,0.9998781624065836
2.37499999999999,0.8308420705197145,0.148668387056007,0.9767018295890268,1.86999999999999,1.0018453717786349,0.014241508155865,0.9998807157258488
2.38499999999999,0.8390541571319604,0.132931581061225,0.9769754566243264,1.87999999999999,1.00201365299135,0.017962538924062,0.9998832026709268
2.39499999999999,0.8382645334192445,0.149346698627932,0.9772448822008414,1.88999999999999,1.0015761218382904,0.012154566646075,0.9998856252965498
2.40499999999999,0.8309999952622578,0.151267972420751,0.9775101853712128,1.89999999999999,1.0029391996612835,0.019116190640451,0.9998879855838032
2.4149999999999903,0.8224720591649255,0.106692283841055,0.977771443439295,1.90999999999999,1.004571527424621,0.016473654562027,0.999890285443119
2.42499999999999,0.8232616828776415,0.130941772897722,0.9780287320043348,1.9199999999999904,1.0030233402676412,0.017042859671441,0.999892526717134
2.43499999999999,0.8248409303030734,0.1196262436878729,0.9782821250039015,1.92999999999999,1.0010207938363302,0.044661733071318,0.9998947111834192
2.44499999999999,0.8273677261837644,0.121455697091963,0.9785316947556096,1.93999999999999,0.999943794074953,0.033522681096105,0.9998968405570864
2.45499999999999,0.8325792426876897,0.157891491728514,0.9787775119976716,1.94999999999999,1.0000111065600392,0.017191754062921,0.9998989164932768
2.46499999999999,0.8347901890832944,0.1581241005975779,0.9790196459283158,1.95999999999999,0.9995230910431652,0.016972752999632,0.9999009405895414
2.47499999999999,0.8357377375385534,0.128972155791884,0.9792581642441044,1.9699999999999904,0.9996745441346088,0.0150861475543959,0.999902914388114
2.48499999999999,0.8313158447473441,0.156287133509353,0.979493133177186,1.9799999999999904,0.9992538411028208,0.021674642202441,0.999904839378084
2.49499999999999,0.8327371674302328,0.155504072072198,0.9797246175315132,1.98999999999999,1.0003813252280127,0.013650500647157,0.9999067169974754
2.5049999999999897,0.8346322643407511,0.114053916817225,0.979952680718061,1.99999999999999,1.0004149814705556,0.015070331905907,0.999908548635233
2.5149999999999904,0.8387383076468741,0.141056897823937,0.9801773847890708,2.00999999999999,1.0010544500788732,0.017066455673364,0.999910335633124
2.52499999999999,0.8358956622810967,0.150354063362185,0.980398790471354,2.01999999999999,1.00123955941286,0.01995317610598,0.999912079287556
2.53499999999999,0.8357377375385534,0.146865094885369,0.9806169571986822,2.02999999999999,1.0024511841444097,0.023202388986465,0.9999137808513172
2.54499999999999,0.8308420705197145,0.120587990341324,0.9808319431432904,2.0399999999999903,1.003056996510184,0.028118577100502,0.9999154415352426
2.55499999999999,0.8284731993815667,0.123863537327024,0.9810438052465216,2.04999999999999,1.00123955941286,0.037028307623208,0.9999170625098084
2.5649999999999897,0.8322633932026033,0.132228627319596,0.9812525992486372,2.05999999999999,0.9985638881306884,0.035001725773354,0.9999186449066588
2.57499999999999,0.8330530169153192,0.14083338219773,0.98145837971782,2.06999999999999,0.99780662267347,0.028892416374276,0.9999201898200684
2.58499999999999,0.8332109416578625,0.136180122402568,0.9816612000783916,2.07999999999999,0.998648028737046,0.025784885584914,0.9999216983083428
2.59499999999999,0.8390541571319604,0.131741302677384,0.9818611126382693,2.08999999999999,0.9998933097111384,0.012493198759028,0.9999231713951604
2.6049999999999898,0.8366852859938125,0.159710006729315,0.9820581686156828,2.09999999999999,1.0001457315302114,0.013474669759596,0.9999246100708606
2.61499999999999,0.8340005653705784,0.133404718838422,0.9822524181651788,2.10999999999999,0.9993716379517216,0.014579715472232,0.9999260152936736
2.62499999999999,0.8406334045573922,0.136824412847687,0.982443910402924,2.11999999999999,0.9995735754069796,0.017419127083752,0.999927387990904
2.63499999999999,0.8349481138258374,0.141354368875981,0.982632693431338,2.1299999999999897,0.9999774503174962,0.01920331623844,0.9999287290600644
2.6449999999999902,0.8379486839341581,0.139041762677032,0.9828188143630692,2.13999999999999,1.001104934442688,0.021244023248925,0.9999300393699604
2.65499999999999,0.8409492540424786,0.141205711683415,0.9830023193443336,2.14999999999999,1.0018117155360915,0.017889371455284,0.9999313197617354
2.66499999999999,0.8418968024977378,0.1223172485695699,0.9831832535776396,2.15999999999999,1.002148277961522,0.02350616827501,0.9999325710498688
2.67499999999999,0.8371590602214422,0.118390903623212,0.98336166134391,2.16999999999999,1.0033094183292568,0.0182547255740539,0.9999337940231368
2.6849999999999903,0.836211511766183,0.165830874409126,0.9835375860240236,2.17999999999999,1.0015761218382904,0.024094821504875,0.999934989445533
2.69499999999999,0.836211511766183,0.1470348140553909,0.9837110701197924,2.1899999999999897,0.999422122315536,0.049216671523808,0.9999361580571536
2.70499999999999,0.8349481138258374,0.147889364303677,0.9838821552743888,2.19999999999999,0.9983114663116156,0.03496977453182,0.9999373005750452
2.71499999999999,0.8344743395982078,0.117108915468736,0.9840508822922424,2.20999999999999,0.9980085601287284,0.0213727252124499,0.9999384176940204
2.72499999999999,0.8351060385683807,0.165680410606325,0.9842172911584142,2.21999999999999,0.9987994818284898,0.017885205226053,0.9999395100874414
2.7349999999999897,0.8368432107363557,0.126537045979852,0.9843814210574748,2.2299999999999898,0.9990182474050197,0.015561762675012,0.9999405784079716
2.7449999999999903,0.8374749097065285,0.135668292311841,0.9845433103918896,2.23999999999999,0.9988331380710328,0.015553140403036,0.9999416232882984
2.75499999999999,0.8396858561021331,0.165005603187586,0.9847029967999316,2.24999999999999,0.998866794313576,0.0118251469646869,0.9999426453418272
2.76499999999999,0.8388962323894171,0.130590439361681,0.9848605171731318,2.25999999999999,0.9988163099497612,0.020402282208374,0.9999436451633508
2.77499999999999,0.8414230282701082,0.1640882113524369,0.9850159076732856,2.2699999999999902,1.0000111065600392,0.015437716615668,0.9999446233296878
2.78499999999999,0.842844350952997,0.127693602515775,0.9851692037490188,2.27999999999999,1.0001457315302114,0.01778492293734,0.9999455804003028
2.7949999999999897,0.8420547272402809,0.1341602254380419,0.9853204401519362,2.28999999999999,1.001979996748807,0.019346369757063,0.9999465169178976
2.80499999999999,0.842844350952997,0.125202185679207,0.9854696509523554,2.29999999999999,1.002989684025098,0.0348382541675049,0.9999474334089822
2.81499999999999,0.8403175550723059,0.167594579696345,0.9856168695546436,2.30999999999999,1.0017612311722772,0.03702146420852,0.999948330384424
2.82499999999999,0.8396858561021331,0.119186520664472,0.9857621287121656,2.31999999999999,0.9988163099497612,0.037431845466159,0.9999492083399758
2.8349999999999898,0.840475479814849,0.123353808673432,0.9859054605418548,2.32999999999999,0.9971671540651524,0.027442576704866,0.9999500677567832
2.84499999999999,0.8444235983784288,0.117857508440487,0.9860468965384166,2.33999999999999,0.99725129467151,0.023355410718795,0.999950909101874
2.8549999999999898,0.8420547272402811,0.127744990341316,0.9861864675881772,2.34999999999999,0.9987658255859466,0.0154608703093929,0.99995173282863
2.86499999999999,0.8447394478635152,0.1175005664632519,0.9863242039825842,2.3599999999999897,0.9988331380710328,0.01520424053098,0.999952539377238
2.8749999999999902,0.8411071787850218,0.139794973836228,0.986460135431371,2.3699999999999903,0.9990855598901056,0.014791828416152,0.9999533291751274
2.88499999999999,0.8436339746657129,0.1140654252090429,0.9865942910753926,2.37999999999999,0.998934106798662,0.01361551612538,0.9999541026373906
2.89499999999999,0.8445815231209719,0.122285049933843,0.9867266994991444,2.38999999999999,0.998513403766874,0.01573321584069,0.9999548601671868
2.90499999999999,0.8466345447740334,0.11971399447443,0.9868573887429696,2.39999999999999,0.998614372494503,0.017399436225325,0.9999556021561328
2.9149999999999903,0.8455290715762311,0.106544544628009,0.9869863863149656,2.40999999999999,0.9995230910431652,0.017695025261998,0.9999563289846772
2.92499999999999,0.8461607705464038,0.135523083780119,0.9871137192025972,2.4199999999999897,1.000297184621655,0.017569922721628,0.999957041022464
2.93499999999999,0.8428443509529968,0.130540171666927,0.9872394138840253,2.42999999999999,1.0018790280211778,0.019213403440829,0.99995773862868
2.94499999999999,0.8396858561021331,0.115153477894474,0.9873634963391572,2.43999999999999,1.0025521528720387,0.017112679134909,0.9999584221523918
2.95499999999999,0.8406334045573922,0.109065000578613,0.9874859920604276,2.44999999999999,0.9998596534685956,0.0399809798573019,0.99995909193287
2.96499999999999,0.8374749097065285,0.147889364303677,0.9876069260633163,2.45999999999999,0.9975373727331258,0.046416339185079,0.9999597482999004
2.9749999999999903,0.8415809530126515,0.136517071366552,0.9877263228966116,2.46999999999999,0.9971166697013378,0.024738814376081,0.9999603915740876
2.98499999999999,0.8409492540424786,0.1237681231102749,0.9878442066524232,2.4799999999999898,0.9970830134587948,0.010500645477862,0.9999610220671432
2.99499999999999,0.8401596303297627,0.150955255478549,0.9879606009759552,2.48999999999999,0.99858071625196,0.016159424266821,0.9999616400821676
3.00499999999999,0.8377907591916148,0.124613688011292,0.9880755290750424,2.4999999999999902,0.9978402789160132,0.015349608259499,0.9999622459139204
3.01499999999999,0.8387383076468741,0.147605063929161,0.9881890137294572,2.50999999999999,0.9981768413414436,0.014051865762853,0.9999628398490804
3.0249999999999897,0.8363694365087262,0.1322683296556709,0.988301077299994,2.51999999999999,0.9981431850989004,0.020285060426883,0.9999634221664988
3.03499999999999,0.8433181251806264,0.124244461457459,0.9884117417373364,2.52999999999999,0.9978739351585562,0.013851022927622,0.9999639931374406
3.04499999999999,0.8430022756955401,0.1181356189513949,0.988521028590712,2.53999999999999,0.9982946381903444,0.021627142492746,0.9999645530258204
3.05499999999999,0.8463186952889471,0.134189574669174,0.9886289590163436,2.54999999999999,0.9992538411028208,0.017334211710803,0.9999651020884291
3.0649999999999897,0.8441077488933424,0.1283498129203359,0.9887355537856968,2.55999999999999,1.001172246927774,0.0328512658328739,0.9999656405751508
3.07499999999999,0.8420547272402811,0.123566451149273,0.9888408332935354,2.56999999999999,1.0007683720172575,0.033558675156843,0.999966168729176
3.0849999999999898,0.8422126519828241,0.150702872700846,0.9889448175657848,2.57999999999999,0.9983787787967018,0.029551395473927,0.999966686787204
3.09499999999999,0.8425285014679105,0.141947440813687,0.9890475262672114,2.58999999999999,0.9971166697013378,0.026349228163738,0.999967194979641
3.10499999999999,0.8455290715762311,0.121725586978763,0.9891489787089216,2.5999999999999903,0.9956021387869012,0.023930337100308,0.9999676935307894
3.11499999999999,0.8463186952889471,0.107708598696034,0.9892491938556848,2.60999999999999,0.9967127947908214,0.011734046679723,0.999968182659032
3.12499999999999,0.8469503942591198,0.132139253448405,0.989348190333086,2.61999999999999,0.9970157009737086,0.009964629297654,0.9999686625770104
3.13499999999999,0.8436339746657129,0.126298228054141,0.9894459864345112,2.62999999999999,0.9974868883693112,0.011182523333045,0.9999691334917952
3.1449999999999902,0.8469503942591198,0.111446093269577,0.9895426001279716,2.63999999999999,0.9985638881306884,0.01348351576072,0.9999695956050528
3.1549999999999896,0.843791899408256,0.136440127822963,0.989638049062768,2.6499999999999897,0.9980422163712712,0.019207196558599,0.9999700491132064
3.1649999999999903,0.8474241684867494,0.122156170519922,0.989732350576004,2.6599999999999904,0.9980590444925428,0.0133054783635059,0.9999704942075897
3.1749999999999905,0.8482137921994652,0.1052429801897719,0.9898255216989456,2.66999999999999,0.9979749038861851,0.015075276078445,0.9999709310745976
3.18499999999999,0.8496351148823541,0.151649306289641,0.9899175791632372,2.67999999999999,0.9986985131008606,0.0153758029770979,0.9999713598958312
3.19499999999998,0.8494771901398108,0.123172773936311,0.9900085394069744,2.68999999999999,1.0000784190451253,0.015344752478713,0.999971780848238
3.20499999999999,0.8504247385950701,0.075911161619213,0.9900984185806382,2.69999999999999,1.0005664345619991,0.019253699402611,0.999972194104247
3.21499999999999,0.8461607705464038,0.140095124420823,0.990187232552892,2.7099999999999898,1.0009029969874297,0.0250412158357649,0.9999725998319008
3.22499999999999,0.8450552973486015,0.13766606403469,0.9902749969162504,2.71999999999999,0.9975205446118544,0.0503516309660089,0.999972998194982
3.23499999999999,0.8448973726060582,0.102730972993325,0.9903617269926152,2.72999999999999,0.9956526231507156,0.019475367460057,0.999973389353136
3.24499999999998,0.8420547272402809,0.147222170770765,0.9904474378386894,2.73999999999999,0.9961574667888612,0.014876227524359,0.99997377346199
3.2549999999999897,0.8468090931736864,0.1249701536023639,0.9905321442512672,2.74999999999999,0.9962247792739474,0.01456846608465,0.9999741506732676
