z,oa,oa_std,fit_oa,2pa_z,2pa_lsm,3pa_z,3pa_lsm
-2.69,1.0001438692415494,0.034892394823422,0.9999721154436167,0.9953930247376468,0.9964848579173112,0.9999721154436167,0.9999711252010884
-2.67999999999999,0.9981879429969204,0.039705441360357,0.999971699482456,0.995358790213853,0.996458736827352,0.999971699482456,0.9999706944682232
-2.66999999999999,0.9992202374038076,0.039118078086705,0.9999712757457696,0.9953241734632984,0.9964323240967184,0.9999712757457696,0.9999702556837056
-2.66,0.99764463015119,0.031686133724414,0.9999708440587076,0.9952891687866496,0.9964056153767942,0.9999708440587076,0.9999698086664772
-2.65,0.997861955289482,0.041263500404671,0.9999704042418226,0.9952537703781744,0.9963786062377812,0.9999704042418226,0.999969353230718
-2.64,0.997753292720336,0.030838813859368,0.9999699561109296,0.9952179723233568,0.9963512921668772,0.9999699561109296,0.9999688891857016
-2.62999999999999,0.9978755381106252,0.0332371091441179,0.9999694994769636,0.995181768596445,0.9963236685664084,0.9999694994769636,0.9999684163356491
-2.61999999999999,0.998486765062072,0.0405954288981939,0.9999690341458304,0.9951451530579388,0.9962957307519088,0.9999690341458304,0.999967934479574
-2.60999999999999,0.9986905073792208,0.035497436189302,0.9999685599182548,0.9951081194520076,0.9962674739501528,0.9999685599182548,0.999967443411124
-2.6,0.998758421484937,0.04074822513397,0.9999680765896212,0.9950706614038416,0.9962388932971332,0.9999680765896212,0.999966942918417
-2.59,0.998649758915791,0.04286462175289,0.9999675839498096,0.9950327724169328,0.996209983835986,0.9999675839498096,0.9999664327838718
-2.58,0.9997363846072516,0.044631396314871,0.9999670817830266,0.9949944458702822,0.99618074051486,0.9999670817830266,0.9999659127840308
-2.56999999999999,0.999383231257527,0.042409140053524,0.999966569867629,0.9949556750155322,0.9961511581847295,0.999966569867629,0.9999653826893804
-2.55999999999999,0.9998450471763978,0.044953965026921,0.9999660479759428,0.9949164529740232,0.9961212315971476,0.9999660479759428,0.9999648422641616
-2.55,0.9988535012329398,0.042295651102561,0.9999655158740752,0.9948767727337696,0.9960909554019388,0.9999655158740752,0.9999642912661748
-2.54,0.9999537097455438,0.042429284087158,0.9999649733217196,0.9948366271463538,0.9960603241448288,0.9999649733217196,0.99996372944658
-2.53,1.0000759551358331,0.040880740810737,0.9999644200719536,0.9947960089237357,0.996029332265012,0.9999644200719536,0.9999631565496864
-2.52,1.0008773415832857,0.04415016234718,0.9999638558710324,0.9947549106349752,0.9959979740926492,0.9999638558710324,0.9999625723127372
-2.50999999999999,0.9993560656152404,0.0406375051346279,0.9999632804581704,0.9947133247028656,0.9959662438462984,0.9999632804581704,0.9999619764656864
-2.4999999999999902,0.999491893826673,0.0402437262248039,0.9999626935653184,0.9946712434004727,0.9959341356302756,0.9999626935653184,0.9999613687309656
-2.49,0.999070826371232,0.044368020149867,0.999962094916932,0.9946286588475798,0.9959016434319412,0.999962094916932,0.9999607488232456
-2.48,0.9995598079323892,0.041830261045649,0.9999614842297314,0.9945855630070318,0.995868761118911,0.9999614842297314,0.999960116449186
-2.47,0.9995190594689596,0.040908046957979,0.999960861212452,0.9945419476809813,0.995835482436192,0.999960861212452,0.9999594713071794
-2.46,1.0000352066724034,0.039904499168638,0.9999602255655874,0.9944978045070252,0.995801801003234,0.9999602255655874,0.9999588130870828
-2.44999999999999,1.0000623723146898,0.042955138523885,0.9999595769811216,0.9944531249542364,0.9957677103109036,0.9999595769811216,0.999958141469942
-2.43999999999999,0.9994647281843866,0.041604716680513,0.9999589151422518,0.9944079003190822,0.9957332037183668,0.9999589151422518,0.999957456127704
-2.43,0.9995733907535328,0.043335036910409,0.9999582397231022,0.994362121721227,0.9956982744498896,0.9999582397231022,0.9999567567229204
-2.42,0.9992881515095242,0.045631640337644,0.9999575503884252,0.994315780099216,0.9956629155915424,0.9999575503884252,0.999956042908438
-2.41,1.0001982005261223,0.044969514502688,0.9999568467932932,0.994268866206036,0.995627120087814,0.9999568467932932,0.9999553143270804
-2.39999999999999,0.9995326422901027,0.045519999481152,0.999956128582778,0.9942213706045496,0.995590880738128,0.999956128582778,0.9999545706113144
-2.38999999999999,1.0001846177049791,0.042044204284003,0.9999553953916186,0.9941732836627964,0.9955541901932564,0.9999553953916186,0.9999538113829086
-2.37999999999999,0.9988399184117966,0.04637274350096,0.9999546468438772,0.9941245955491602,0.9955170409516344,0.9999546468438772,0.9999530362525744
-2.37,0.9996820533226788,0.043236332912031,0.9999538825525806,0.994075296227396,0.9954794253555626,0.9999538825525806,0.9999522448195964
-2.36,0.999383231257527,0.044308232473665,0.9999531021193496,0.9940253754515112,0.9954413355873046,0.9999531021193496,0.9999514366714484
-2.35,1.000741513371853,0.0468560186082309,0.9999523051340145,0.993974822760498,0.9954027636650662,0.9999523051340145,0.9999506113833936
-2.33999999999999,1.000429108485558,0.050285218614398,0.9999514911742128,0.9939236274729114,0.9953637014388586,0.9999514911742128,0.9999497685180716
-2.32999999999999,1.0001031207781197,0.045708182142075,0.9999506598049772,0.9938717786812872,0.9953241405862392,0.9999506598049772,0.999948907625068
-2.32,0.999749967428395,0.042994227993858,0.9999498105783022,0.9938192652463944,0.9952840726079268,0.9999498105783022,0.9999480282404676
-2.31,1.0001302864204062,0.043691414184262,0.9999489430326974,0.993766075791318,0.9952434888232856,0.9999489430326974,0.9999471298863916
-2.3,0.9995733907535328,0.046583334158549,0.999948056692722,0.993712198695364,0.995202380365676,0.999948056692722,0.9999462120705148
-2.29,0.9996684705015356,0.0416385445989209,0.9999471510685012,0.9936576220877836,0.995160738177665,0.9999471510685012,0.9999452742855668
-2.27999999999999,1.0000895379569763,0.04474612235078,0.9999462256552252,0.9936023338413054,0.9951185530060924,0.9999462256552252,0.9999443160088102
-2.2699999999999902,1.0001982005261223,0.042655704244174,0.9999452799326268,0.9935463215654766,0.9950758153969887,0.9999452799326268,0.999943336701502
-2.26,1.0005649366969904,0.046325186749756,0.9999443133644392,0.993489572599799,0.9950325156903388,0.9999443133644392,0.999942335808331
-2.25,0.9997635502495384,0.0440850135631979,0.9999433253978314,0.993432074006656,0.9949886440146858,0.9999433253978314,0.9999413127568348
-2.24,1.0006600164449932,0.039695657959806,0.9999423154628236,0.993373812564026,0.9949441902815692,0.9999423154628236,0.9999402669567916
-2.23,0.9993153171518104,0.0442391462899659,0.999941282971676,0.9933147747579684,0.9948991441797942,0.999941282971676,0.9999391977995904
-2.21999999999999,1.0000352066724034,0.040397852722607,0.9999402273182564,0.9932549467748794,0.9948534951695214,0.9999402273182564,0.9999381046575732
-2.20999999999999,0.9996820533226788,0.041042649123696,0.9999391478773788,0.9931943144935096,0.9948072324761758,0.9999391478773788,0.9999369868833526
-2.2,1.0002932802741251,0.043914864851687,0.9999380440041188,0.9931328634767288,0.994760345084165,0.9999380440041188,0.9999358438091014
-2.19,0.9992881515095242,0.040046597115072,0.999936915033098,0.9930705789630382,0.9947128217304012,0.999936915033098,0.9999346747458124
-2.18,0.9996820533226788,0.044309985640847,0.9999357602777428,0.9930074458578122,0.99466465089762,0.9999357602777428,0.9999334789825296
-2.16999999999999,0.9993968140786702,0.045061190287979,0.9999345790295076,0.9929434487242668,0.9946158208074878,0.9999345790295076,0.9999322557855465
-2.15999999999999,1.000211783347266,0.04039809308515,0.9999333705570728,0.9928785717741404,0.994566319413493,0.9999333705570728,0.9999310043975712
-2.15,0.999546225111246,0.047006642849971,0.9999321341055024,0.9928127988580786,0.9945161343936084,0.9999321341055024,0.9999297240368596
-2.14,0.9998586299975412,0.0417828791980329,0.9999308688953734,0.9927461134557122,0.9944652531427202,0.9999308688953734,0.9999284138963088
-2.13,1.000279697452982,0.0513565277210159,0.9999295741218632,0.9926784986654156,0.9944136627648152,0.9999295741218632,0.9999270731425156
-2.12,0.9998586299975412,0.044151262007752,0.9999282489538028,0.9926099371937368,0.9943613500649146,0.9999282489538028,0.999925700914794
-2.10999999999999,0.9998993784609708,0.038938944561192,0.9999268925326869,0.9925404113444832,0.9943083015407466,0.9999268925326869,0.9999242963241518
-2.09999999999999,0.9988806668752264,0.045652914822616,0.9999255039716456,0.9924699030074532,0.9942545033741492,0.9999255039716456,0.9999228584522238
-2.09,1.000116703599263,0.040365150082932,0.9999240823543688,0.992398393646801,0.9941999414221916,0.9999240823543688,0.9999213863501604
-2.08,1.0001438692415494,0.045159131029068,0.999922626733988,0.992325864289016,0.9941446012080029,0.999922626733988,0.9999198790374668
-2.07,1.000483439770131,0.047503298653608,0.9999211361319073,0.9922522955105094,0.9940884679113008,0.9999211361319073,0.9999183355007956
-2.06,0.9994647281843864,0.042564550708056,0.9999196095365852,0.992177667424788,0.9940315263586048,0.9999196095365852,0.999916754692683
-2.04999999999999,1.000551353875847,0.044553004637018,0.9999180459022644,0.9921019596692002,0.9939737610131238,0.9999180459022644,0.9999151355302348
-2.0399999999999903,0.9999401269244006,0.046436564656438,0.9999164441476456,0.992025151391241,0.993915155964306,0.9999164441476456,0.9999134768937518
-2.03,1.0007822618352826,0.040962367594662,0.999914803154502,0.9919472212343954,0.9938556949170376,0.999914803154502,0.9999117776252971
-2.02,0.9998857956398276,0.042935467365056,0.9999131217662364,0.9918681473235036,0.9937953611804776,0.9999131217662364,0.9999100365272
-2.01,1.0007686790141397,0.042684832263868,0.9999113987863706,0.9917879072496332,0.9937341376565124,0.9999113987863706,0.9999082523604924
-1.99999999999999,1.0002661146318388,0.050920755174336,0.9999096329769704,0.9917064780544304,0.99367200682782,0.9999096329769704,0.9999064238432784
-1.98999999999999,1.000334028737555,0.047285100647788,0.9999078230569998,0.9916238362139428,0.9936089507455216,0.9999078230569998,0.99990454964903
-1.9799999999999904,1.0000895379569763,0.04786637454097,0.9999059677006013,0.991539957621879,0.993544951016413,0.9999059677006013,0.9999026284048048
-1.97,0.9999808753878304,0.045928374956473,0.9999040655352982,0.9914548175722938,0.9934799887897512,0.9999040655352982,0.9999006586893874
-1.96,0.9998586299975412,0.044283023025296,0.999902115140118,0.9913683907416716,0.9934140447435836,0.999902115140118,0.9998986390313426
-1.95,0.9994647281843866,0.047473649919964,0.9999001150436272,0.9912806511703838,0.9933470990706014,0.9999001150436272,0.9998965679069832
-1.93999999999999,1.000279697452982,0.0456722659918169,0.9998980637218782,0.9911915722434972,0.9932791314634952,0.9998980637218782,0.9998944437382428
-1.92999999999999,0.9998857956398276,0.040906385365654,0.9998959595962624,0.9911011266709056,0.9932101210997956,0.9998959595962624,0.9998922648904532
-1.92,1.0004970225912742,0.042857372152423,0.9998938010312632,0.9910092864667585,0.9931400466261776,0.9998938010312632,0.9998900296700168
-1.91,0.9994103968998134,0.045580328026819,0.9998915863321054,0.9909160229281574,0.9930688861422056,0.9998915863321054,0.999887736321973
-1.9,1.0003611943798414,0.0455718058702269,0.9998893137422946,0.990821306613092,0.9929966171834976,0.9998893137422946,0.9998853830274508
-1.89,0.9996413048592488,0.046500924671818,0.9998869814410422,0.9907251073175828,0.9929232167042864,0.9998869814410422,0.9998829679010006
-1.87999999999999,1.000551353875847,0.043288404887231,0.999884587540568,0.9906273940519968,0.9928486610593484,0.999884587540568,0.999880488987804
-1.86999999999999,0.9999537097455438,0.046716549802693,0.9998821300832768,0.9905281350165084,0.9927729259852788,0.9998821300832768,0.9998779442607464
-1.86,1.000429108485558,0.045789685707781,0.9998796070387994,0.9904272975756606,0.992695986581082,0.9998796070387994,0.9998753316173558
-1.85,1.0001846177049791,0.044790586408527,0.999877016300892,0.9903248482319964,0.9926178172880536,0.999877016300892,0.9998726488765912
-1.84,1.0003476115586984,0.048964833285656,0.9998743556841884,0.9902207525987192,0.9925383918689183,0.9998743556841884,0.9998698937754792
-1.83,0.9997635502495384,0.0457623217950129,0.9998716229207928,0.9901149753713392,0.9924576833861984,0.9998716229207928,0.9998670639655864
-1.81999999999999,1.0000623723146898,0.042161133945761,0.9998688156567108,0.9900074802982668,0.9923756641797732,0.9998688156567108,0.9998641570093216
-1.80999999999999,1.000551353875847,0.047276885795414,0.9998659314481008,0.9898982301503052,0.9922923058436046,0.9998659314481008,0.9998611703760584
-1.7999999999999998,0.9996820533226788,0.041363156079889,0.9998629677573478,0.9897871866889956,0.9922075792015826,0.9998629677573478,0.9998581014380644
-1.79,0.9999537097455438,0.046374418620157,0.999859921948938,0.9896743106337657,0.9921214542824608,0.999859921948938,0.9998549474662332
-1.78,0.9998722128186844,0.046422970783422,0.9998567912851328,0.9895595616278332,0.9920339002938392,0.9998567912851328,0.9998517056256032
-1.76999999999999,1.0009316728678583,0.0455547567741949,0.9998535729214248,0.989442898202804,0.9919448855951536,0.9998535729214248,0.9998483729706518
-1.75999999999999,0.9999537097455438,0.04190424585765,0.9998502639017662,0.9893242777419136,0.991854377669628,0.9998502639017662,0.9998449464403558
-1.74999999999999,1.0007822618352826,0.0464374010724909,0.999846861153559,0.9892036564418476,0.9917623430951436,0.999846861153559,0.9998414228530024
-1.7399999999999998,0.9998178815341112,0.04199683260064,0.999843361482388,0.989080989273084,0.9916687475139802,0.999843361482388,0.9998377989007352
-1.73,1.0006600164449932,0.045135042257386,0.9998397615664876,0.9889562299386868,0.9915735556013752,0.9998397615664876,0.9998340711438258
-1.72,0.9995190594689596,0.04735897019679,0.9998360579509248,0.9888293308314854,0.9914767310328508,0.9998360579509248,0.9998302360046486
-1.70999999999999,1.0007007649084232,0.049577346137617,0.9998322470414818,0.9887002429895638,0.9913782364502536,0.9998322470414818,0.9998262897613476
-1.69999999999999,0.9994375625421,0.039391167351829,0.9998283250982232,0.9885689160499884,0.9912780334264464,0.9998283250982232,0.9998222285411732
-1.69,1.0003747772009848,0.045563495232849,0.9998242882287256,0.9884352982006896,0.991176082428596,0.9998242882287256,0.9998180483134738
-1.68,0.9998314643552544,0.044362767320849,0.9998201323809548,0.988299336130416,0.9910723427799868,0.9998201323809548,0.9998137448823188
-1.67,0.9996820533226788,0.03862446741269,0.9998158533357678,0.9881609749766744,0.9909667726202984,0.9998158533357678,0.9998093138787334
-1.66,0.9999401269244006,0.0481206936009959,0.9998114466990146,0.9880201582715572,0.9908593288642732,0.9998114466990146,0.999804750752522
-1.64999999999999,0.9998993784609708,0.038638543202044,0.9998069078932228,0.9878768278853668,0.9907499671586996,0.9998069078932228,0.999800050763656
-1.63999999999999,1.000442691306701,0.043472846013479,0.9998022321488348,0.9877309239679284,0.9906386418376356,0.9998022321488348,0.9997952089732
-1.63,1.0002932802741251,0.044012047160845,0.9997974144949718,0.9875823848874876,0.9905253058757848,0.9997974144949718,0.9997902202337484
-1.62,1.0004970225912742,0.046865964783897,0.999792449749699,0.987431147167074,0.990409910839944,0.999792449749699,0.9997850791793442
-1.61,1.00006237231469,0.046397863938787,0.9997873325097584,0.9872771454182172,0.9902924068384276,0.9997873325097584,0.999779780214848
-1.6,1.0007686790141397,0.040557139894144,0.999782057139739,0.9871203122718856,0.990172742468372,0.999782057139739,0.9997743175047228
-1.58999999999999,1.000211783347266,0.0450439479247979,0.9997766177606496,0.9869605783065122,0.9900508647608212,0.9997766177606496,0.9997686849612012
-1.57999999999999,1.0006056851604204,0.0445181195823789,0.9997710082378574,0.986797871972977,0.9899267191234868,0.9997710082378574,0.9997628762317956
-1.5699999999999998,0.9992881515095242,0.0485513987080849,0.9997652221683512,0.986632119516386,0.9898002492810648,0.9997652221683512,0.9997568846861106
-1.5599999999999998,1.0002389489895522,0.0475613157257159,0.9997592528672924,0.9864632448945008,0.989671397212998,0.9997592528672924,0.9997507034019134
-1.55,0.9998722128186844,0.048669453716088,0.9997530933538036,0.9862911696926526,0.9895401030885544,0.9997530933538036,0.9997443251504206
-1.53999999999999,1.0006735992661366,0.044632484118745,0.9997467363359502,0.9861158130349628,0.9894063051990885,0.9997467363359502,0.9997377423807444
-1.53,0.9998178815341112,0.046932218754238,0.9997401741948616,0.9859370914916954,0.9892699398873498,0.9997401741948616,0.9997309472034512
-1.52,0.9996413048592488,0.0407589470659189,0.9997333989679408,0.9857549189825398,0.989130941473689,0.9997333989679408,0.9997239313731748
-1.51,0.9996413048592488,0.046283246035751,0.999726402331099,0.9855692066756292,0.9889892421790066,0.999726402331099,0.9997166862702191
-1.5,1.0000216238512605,0.0405966248476789,0.9997191755799574,0.9853798628820732,0.988844772044282,0.9997191755799574,0.999709202881094
-1.49,0.9999265441032572,0.05079378697646,0.9997117096099452,0.9851867929457778,0.9886974588465056,0.9997117096099452,0.9997014717779048
-1.47999999999999,0.9998993784609708,0.045155690562731,0.9997039948952244,0.9849898991283188,0.9885472280108364,0.9997039948952244,0.9996934830965298
-1.47,1.0004562741278442,0.049195912749418,0.999696021466362,0.9847890804886072,0.9883940025187856,0.999696021466362,0.9996852265134998
-1.46,1.00006237231469,0.047145253487198,0.9996877788866698,0.9845842327570806,0.9882377028122264,0.9996877788866698,0.999676691221496
-1.4500000000000002,1.0002389489895522,0.046328540366639,0.9996792562271202,0.984375248204142,0.9880782466930088,0.9996792562271202,0.9996678659033772
-1.44,0.9990300779078024,0.046147727548283,0.999670442039744,0.9841620155025368,0.9879155492179555,0.999670442039744,0.9996587387046308
-1.43,0.9997228017861084,0.0465034304020869,0.9996613243294082,0.983944419583356,0.9877495225889904,0.9996613243294082,0.999649297204151
-1.41999999999999,0.9996820533226788,0.044116719583385,0.9996518905238648,0.9837223414853264,0.9875800760381468,0.9996518905238648,0.9996395283832205
-1.41,1.0005241882335607,0.042748480612836,0.9996421274419488,0.983495658197034,0.9874071157071832,0.9996421274419488,0.9996294185925816
-1.4,0.9997771330706816,0.041993364281773,0.9996320212598022,0.9832642424916962,0.9872305445215126,0.9996320212598022,0.9996189535174612
-1.39,1.0002932802741251,0.0441881946956879,0.9996215574749882,0.98302796275409,0.9870502620581504,0.9996215574749882,0.9996081181404088
-1.38,0.9993560656152404,0.0464614415946049,0.9996107208683436,0.9827866827992068,0.9868661644073446,0.9996107208683436,0.999596896701794
-1.37,0.999804298712968,0.047286127403989,0.999599495463416,0.9825402616821826,0.9866781440275536,0.999599495463416,0.999585272657806
-1.36,0.9997771330706816,0.049365365445442,0.9995878644833136,0.9822885534990288,0.9864860895934024,0.9995878644833136,0.999573228635768
-1.35,0.9998722128186844,0.047669601875136,0.9995758103047836,0.982031407177654,0.9862898858362302,0.9995758103047836,0.9995607463865864
-1.34,0.999600556395819,0.047588053283846,0.9995633144093228,0.9817686662586382,0.986089413376822,0.9995633144093228,0.9995478067341242
-1.3299999999999998,1.0001846177049791,0.04522208828392,0.9995503573311024,0.9815001686651864,0.9858845485498812,0.9995503573311024,0.9995343895212788
-1.32,1.000279697452982,0.0493824753663929,0.9995369186014852,0.9812257464616568,0.9856751632197852,0.9995369186014852,0.9995204735525256
-1.30999999999999,0.9993560656152404,0.046327492387441,0.9995229766898744,0.9809452256000124,0.9854611245871282,0.9995229766898744,0.9995060365326688
-1.3,1.000429108485558,0.050593237902401,0.9995085089406366,0.9806584256535142,0.9852422949855268,0.9995085089406366,0.9994910550015228
-1.29,0.9998450471763978,0.0465666554071629,0.9994934915058008,0.9803651595369172,0.9850185316681284,0.9994934915058008,0.9994755042642224
-1.28,1.000483439770131,0.047609473309814,0.9994778992732214,0.9800652332124028,0.9847896865832366,0.9994778992732214,0.999459358316834
-1.27,0.9990029122655156,0.044537309743858,0.9994617057898668,0.9797584453804064,0.984555606138412,0.9994617057898668,0.99944258976692
-1.26,1.0004155256644147,0.044631396314871,0.9994448831798616,0.97944458715447,0.984316130952382,0.9994448831798616,0.9994251697486708
-1.25,0.9994239797209568,0.044776709687132,0.9994274020568892,0.9791234417191712,0.9840710955940406,0.9994274020568892,0.9994070678321963
-1.24,1.0000759551358331,0.047930637934516,0.999409231430516,0.9787947839701352,0.983820328307774,0.999409231430516,0.9993882519265238
-1.23,0.9994647281843864,0.045791170103527,0.9993903386059746,0.9784583801350556,0.9835636507242996,0.9993903386059746,0.999368688175822
-1.22,1.0001302864204062,0.047556415612469,0.999370689076894,0.9781139873745914,0.9833008775561488,0.999370689076894,0.9993483408483226
-1.21,0.9995190594689596,0.044831107843405,0.999350246410428,0.9777613533619208,0.9830318162768632,0.999350246410428,0.9993271722173674
-1.2,1.0004970225912742,0.04381635896558,0.9993289721241784,0.977400215839661,0.9827562667829236,0.9993289721241784,0.9993051424339632
-1.1900000000000002,0.9996684705015356,0.052918166201394,0.9993068255542668,0.9770303021527618,0.9824740210373456,0.9993068255542668,0.9992822093901668
-1.18,1.0001031207781197,0.046433218841558,0.9992837637138428,0.9766513287559032,0.982184862693822,0.9992837637138428,0.9992583285725692
-1.17,0.9998450471763978,0.0487667185760889,0.9992597411412608,0.9762630006938092,0.9818885667001992,0.9992597411412608,0.9992334529050808
-1.16,0.9996684705015356,0.040818937838982,0.9992347097370862,0.9758650110527932,0.9815848988800044,0.9992347097370862,0.9992075325801496
-1.15,0.9995733907535328,0.047606005959495,0.9992086185890156,0.975457040381724,0.981273615490641,0.9992086185890156,0.999180514877463
-1.14,0.9997907158918248,0.045313681653101,0.99918141378372,0.9750387560804816,0.9809544627567768,0.99918141378372,0.9991523439691096
-1.13,0.999586973574676,0.053345813898626,0.9991530382045188,0.9746098117538344,0.9806271763773492,0.9991530382045188,0.9991229607100692
-1.12,0.9988942496963696,0.050955639784975,0.9991234313137064,0.974169846528515,0.9802914810044918,0.9991234313137064,0.9990923024128076
-1.11,1.0001982005261223,0.044343282647718,0.9990925289182324,0.9737184843311272,0.9799470896925744,0.9990925289182324,0.9990603026046364
-1.1,0.9991387404769484,0.048710934618092,0.9990602629173247,0.973255333124336,0.979593703315412,0.9990602629173247,0.9990268907663742
-1.09,1.000116703599263,0.046549970679818,0.9990265610305096,0.9727799840986108,0.9792310099495618,0.9990265610305096,0.9989919920507068
-1.08,0.99947831100553,0.045032736848492,0.9989913465043352,0.9722920108165968,0.9788586842214748,0.9989913465043352,0.9989555269784968
-1.0699999999999998,1.0005106054124175,0.04854739859284,0.9989545377959524,0.9717909683069714,0.978476386616104,0.9989545377959524,0.9989174111111276
-1.06,0.999491893826673,0.047723347610388,0.99891604823152,0.971276392104415,0.9780837627443985,0.99891604823152,0.9988775546967774
-1.05,1.000429108485558,0.049310258732343,0.9988757856372148,0.9707477972320712,0.9776804425669162,0.9988757856372148,0.9988358622883255
-1.04,0.9996956361438218,0.046076341757348,0.9988336519404052,0.9702046771226076,0.9772660395705876,0.9988336519404052,0.9987922323303638
-1.03,0.9995598079323894,0.044893659938227,0.998789542738316,0.969646502473688,0.9768401498954375,0.998789542738316,0.9987465567125424
-1.02,0.999546225111246,0.043727624968808,0.9987433468312388,0.9690727200333624,0.976402351407832,0.9987433468312388,0.9986987202862044
-1.01,0.9998450471763978,0.0424201288940749,0.9986949457170587,0.9684827513105289,0.9759522027165528,0.9986949457170587,0.9986486003409616
-1.0,0.9997907158918248,0.045985845136325,0.998644213043544,0.967875991205254,0.9754892421277308,0.998644213043544,0.9985960660375336
-0.99,0.9993017343306674,0.047047938698933,0.99859101401448,0.9672518065533496,0.9750129865343468,0.99859101401448,0.9985409777927932
-0.98,0.9999944582089736,0.050399405154503,0.9985352047453412,0.9666095345791492,0.974522930235696,0.9985352047453412,0.9984831866125552
-0.97,0.9990164950866588,0.0490369645756839,0.9984766315637448,0.9659484812499752,0.9740185436818396,0.9984766315637448,0.9984225333671904
-0.96,0.9994375625421,0.053171332645074,0.9984151302494472,0.9652679195252736,0.9734992721376848,0.9984151302494472,0.9983588480046284
-0.95,0.9986905073792208,0.046413138887247,0.998350525208088,0.9645670874928348,0.9729645342609148,0.998350525208088,0.9982919486947632
-0.94,0.999654887680392,0.044238048814003,0.9982826285722932,0.9638451863839252,0.9724137205875262,0.9982826285722932,0.998221640898634
-0.93,0.9992066545826646,0.046123523512293,0.9982112392230618,0.9631013784585094,0.9718461919182424,0.9982112392230618,0.9981477163550564
-0.92,1.0001031207781197,0.045835467774582,0.998136141723612,0.9623347847510222,0.9712612775985296,0.998136141723612,0.9980699519766104
-0.91,0.9990164950866592,0.046799824501532,0.9980571051570214,0.9615444826664014,0.9706582736843588,0.9980571051570214,0.9979881086460012
-0.8999999999999999,0.999586973574676,0.044291793156494,0.9979738818580592,0.960729503415248,0.9700364409852216,0.9979738818580592,0.9979019299028548
-0.89,0.999328899972954,0.04625533440786,0.9978862060285572,0.9598888292760844,0.969395002975222,0.9978862060285572,0.99781114050992
-0.88,0.9996141392169624,0.047003544198711,0.9977937922244996,0.9590213906716958,0.9687331435623112,0.9977937922244996,0.9977154448864304
-0.8699999999999999,0.9995733907535328,0.048806525224332,0.9976963337016944,0.9581260630454792,0.96805000470493,0.9976963337016944,0.9976145253950264
-0.86,1.0000080410301169,0.049750769571686,0.9975935006054294,0.9572016635225622,0.9673446838644262,0.9975935006054294,0.9975080404671218
-0.8500000000000001,0.999491893826673,0.050691217231808,0.997484937987862,0.9562469473391983,0.9666162312806692,0.997484937987862,0.9973956225498882
-0.84,0.9992609858672376,0.043895402571028,0.9973702636350538,0.9552606040225784,0.9658636470572284,0.9973702636350538,0.9972768758561216
-0.83,0.9996956361438218,0.049230638908986,0.9972490656834884,0.954241253301711,0.9650858780413576,0.9972490656834884,0.997151373896117
-0.8200000000000001,0.9990572435500888,0.049680456500982,0.9971209000035828,0.9531874407284132,0.9642818144827934,0.9971209000035828,0.9970186567682632
-0.8099999999999999,0.9996956361438218,0.044068490976487,0.9969852873250886,0.9520976329857016,0.9634502864540344,0.9969852873250886,0.9968782281823616
-0.8,0.9990844091923752,0.048905105895829,0.9968417100763444,0.9509702128589648,0.9625900600133268,0.9968417100763444,0.9967295521866312
-0.79,0.9999129612821142,0.046400584503094,0.996689608906014,0.9498034738432374,0.961699833089989,0.996689608906014,0.9965720495659274
-0.7799999999999999,0.9989485809809426,0.043150006734597,0.9965283788522292,0.9485956143576556,0.9607782310700176,0.9965283788522292,0.9964050938748428
-0.77,0.9999672925666871,0.044270741922816,0.9963573651198412,0.9473447315357352,0.9598238020580416,0.9963573651198412,0.996228007064998
-0.76,0.9988670840540832,0.046071915990564,0.9961758584217336,0.9460488145574848,0.9588350117896972,0.9961758584217336,0.9960400546609166
-0.75,1.0004562741278444,0.046098253577688,0.9959830898347992,0.9447057374865132,0.9578102381663078,0.9959830898347992,0.9958404404333234
-0.74,0.9988399184117966,0.043716964786021,0.9957782251151156,0.9433132515722016,0.95674776538141,0.9957782251151156,0.995628300512442
-0.73,0.9996820533226788,0.046973580031647,0.9955603584100164,0.9418689769736784,0.955645777606109,0.9955603584100164,0.9954026968767652
-0.72,0.9991251576558052,0.048570594675508,0.9953285052969956,0.9403703938587372,0.9545023521975156,0.9953285052969956,0.9951626101447582
-0.7100000000000001,0.9996141392169624,0.046754986733789,0.9950815950706278,0.9388148328269716,0.9533154523915556,0.9950815950706278,0.9949069315878672
-0.7000000000000001,0.999179488940378,0.049135082914408,0.9948184621887344,0.9371994646022298,0.9520829194382684,0.9948184621887344,0.9946344542729229
-0.69,0.9996277220381056,0.049039934742835,0.9945378367777876,0.9355212889350424,0.9508024641343124,0.9945378367777876,0.9943438632303676
-0.6799999999999999,0.999763550249538,0.050206177913075,0.994238334084768,0.9337771226509064,0.9494716577037516,0.994238334084768,0.9940337245315272
-0.67,0.9997092189649652,0.0433439988554969,0.9939184427482252,0.9319635867752404,0.9480879219743432,0.9939184427482252,0.9937024731431487
-0.66,1.0000352066724034,0.052409090942734,0.9935765117448632,0.9300770926604448,0.9466485187924224,0.9935765117448632,0.9933483994104328
-0.65,0.9994239797209568,0.04123642963406,0.9932107358493468,0.9281138270348452,0.945150538615182,0.9932107358493468,0.9929696340004828
-0.64,1.000429108485558,0.043439105335485,0.9928191394238652,0.926069735887351,0.9435908882145984,0.9928191394238652,0.9925641311162016
-0.63,0.9995054766478162,0.052432986130782,0.9923995583299928,0.923940507095516,0.9419662774225648,0.9923995583299928,0.9921296497658008
-0.62,0.9997771330706816,0.0455089056798519,0.9919496197281412,0.921721551698346,0.9402732048419628,0.9919496197281412,0.9916637328448892
-0.61,0.9995326422901027,0.047063827940141,0.9914667194989962,0.9194079837087872,0.9385079424435044,0.9914667194989962,0.9911636837560917
-0.6,1.000904507225572,0.045758926680668,0.990947996986271,0.916994598354442,0.9366665189633032,0.990947996986271,0.9906265402548632
-0.59,0.999546225111246,0.046499880577688,0.9903903067203922,0.9144758486288558,0.9347447020114044,0.9903903067203922,0.9900490451690196
-0.58,1.0004155256644147,0.046531610569833,0.9897901867377376,0.9118458200299032,0.9327379787970648,0.9897901867377376,0.9894276135929216
-0.5700000000000001,0.999912961282114,0.046400584503094,0.98914382305917,0.9090982033566628,0.9306415353726496,0.98914382305917,0.988758296104562
-0.5599999999999999,1.001121832363864,0.042341312517026,0.988447009834131,0.9062262654320428,0.9284502342948692,0.988447009834131,0.988036737494288
-0.5499999999999999,1.0004562741278442,0.0492117004051469,0.98769510459179,0.9032228176157868,0.9261585906000672,0.98769510459179,0.9872581304268192
-0.54,1.001121832363864,0.041907953254746,0.9868829779678738,0.900080181971918,0.923760745989832,0.9868829779678738,0.986417163382764
-0.53,1.001515734177019,0.047529455959457,0.9860049571941328,0.8967901549569581,0.9212504411249516,0.9860049571941328,0.9855079621412738
-0.52,1.0017058936730243,0.047833296977151,0.9850547625461474,0.8933439685013185,0.9186209859303468,0.9850547625461474,0.9845240239709676
-0.51,1.000700764908423,0.040934860473193,0.9840254358437356,0.889732248367337,0.9158652278220718,0.9840254358437356,0.9834581435912308
-0.5,1.000483439770131,0.040989856256892,0.9829092599860884,0.885944969685061,0.9129755177809248,0.9829092599860884,0.9823023298498654
-0.49,0.9992474030460944,0.036257148417393,0.9816976683807388,0.8819714095929824,0.9099436742171232,0.9816976683807388,0.9810477119356794
-0.48,0.9960826057197152,0.031877088476793,0.9803811429917556,0.8778000969479282,0.9067609445987334,0.9803811429917556,0.979684433806146
-0.46999999999999,0.9924967409378948,0.023393686938125,0.9789490995890244,0.8734187591192316,0.9034179648553908,0.9789490995890244,0.9782015353616328
-0.4599999999999999,0.9878649989280438,0.022444234309694,0.9773897586289056,0.8688142659509357,0.8999047166212203,0.9773897586289056,0.9765868187407424
-0.4499999999999999,0.9850261893091028,0.0205190768617299,0.975690000039979,0.863972571066604,0.8962104824501517,0.975690000039979,0.9748266979491796
-0.4399999999999899,0.9822281281535916,0.024868064606299,0.973835200031166,0.8588786508106121,0.8923237992278608,0.973835200031166,0.972906029872565
-0.43,0.9805302755106842,0.028016956873045,0.9718090478904352,0.853516441273799,0.8882324101220684,0.9718090478904352,0.9708079245692572
-0.42,0.9775556376803106,0.037914271852674,0.9695933406119276,0.8478687740496818,0.8839232155642545,0.9695933406119276,0.9685135326042305
-0.40999999999999,0.9740241041830634,0.042089446377838,0.9671677530933752,0.841917311620404,0.8793822239488558,0.9671677530933752,0.9660018070856936
-0.4,0.9717829386944258,0.0496382208509589,0.9645095816060996,0.8356424835916215,0.8745945029802086,0.9645095816060996,0.9632492380251376
-0.3899999999999999,0.9755589629722516,0.050655958837554,0.9615934582876882,0.829023425399068,0.8695441329053917,0.9615934582876882,0.9602295566910144
-0.38,0.97584420221626,0.0473452309819,0.9583910345844472,0.8220379216149118,0.864214163256732,0.9583910345844472,0.9569134078095266
-0.36999999999999,0.9740241041830634,0.039411129280653,0.9548706319331204,0.8146623566106639,0.858586575207389,0.9548706319331204,0.9532679878412788
-0.36,0.9781668646317574,0.029795970896889,0.9509968585952226,0.8068716761125955,0.852642252237972,0.9509968585952226,0.9492566482085484
-0.35,0.9788324228677768,0.036356905676039,0.9467301925415508,0.7986393641436298,0.8463609625431034,0.9467301925415508,0.9448384633670962
-0.3399999999999999,0.9782755272009034,0.021647903294585,0.942026531759791,0.7899374410178589,0.8397213575012273,0.942026531759791,0.9399677651442018
-0.3299999999999899,0.9792806559655044,0.031177016931384,0.936836715491477,0.7807364894753638,0.8327009916155891,0.936836715491477,0.9345936469736802
-0.32,0.9784249382334792,0.026161990019094,0.9311060229101664,0.7710057177570455,0.8252763706406055,0.9311060229101664,0.9286594447710076
-0.31,0.9811822509255606,0.032146144289529,0.9247736598966616,0.7607130704585066,0.8174230361638569,0.9247736598966616,0.9221022054827904
-0.29999999999999,0.9870228640171618,0.0266207974995879,0.917772250178208,0.7498254004051261,0.8091156967475134,0.917772250178208,0.9148521601551876
-0.29,0.9902012441646842,0.051944582944673,0.910027354567912,0.7383087175788867,0.8003284178605818,0.910027354567912,0.9068322261004494
-0.2799999999999999,0.9946292438573864,0.04309956994851,0.9014570518232446,0.7261285343065023,0.7910348852589437,0.9014570518232446,0.8979575728707792
-0.2699999999999899,1.0009860041524314,0.050414623326237,0.8919716272391995,0.7132503294559909,0.7812087591693508,0.8919716272391995,0.8881352997927401
-0.26,1.003227169641069,0.045601839384485,0.8814734310148059,0.6996401581978655,0.7708241395398545,0.8814734310148059,0.87726428930405
-0.25,1.0021541267707517,0.047597846491797,0.8698569881412737,0.6852654378010332,0.7598561656054821,0.8698569881412737,0.8652353207440979
-0.24,1.003322249389072,0.049358873923906,0.8570094653463631,0.6700959436644909,0.7482817758647344,0.8570094653463631,0.8519315538805458
-0.2299999999999999,1.0030505929662068,0.045227885395747,0.8428116284325967,0.6541050528805404,0.7360806569237069,0.8428116284325967,0.8372295202447455
-0.22,1.0038112309502292,0.047194658627061,0.827139454488588,0.6372712744141644,0.7232364110295817,0.827139454488588,0.8210007925962743
-0.21,0.999600556395819,0.0517708184336729,0.8098665962439615,0.6195801045101239,0.7097379717542807,0.8098665962439615,0.8031145367925696
-0.19999999999999,0.9709951350681169,0.11861310845659,0.7908679270727935,0.6010262419117189,0.6955812942159769,0.7908679270727935,0.7834411826833165
-0.19,0.9356390516322152,0.15430920507123,0.7700244194675223,0.5816161882161252,0.6807713391614802,0.7700244194675223,0.7618574758298011
-0.18,0.8856678526461673,0.167784377331489,0.7472296189948018,0.5613712421427325,0.6653243576059518,0.7472296189948018,0.7382531813653151
-0.16999999999999,0.822113832516861,0.20649857251049,0.7223979581319007,0.5403308703009582,0.6492704627433471,0.7223979581319007,0.7125396930743508
-0.16,0.7610726342990575,0.172495129857549,0.6954750945416598,0.5185563987787756,0.6326564466444557,0.6954750945416598,0.6846607388026624
-0.15,0.7131931897690714,0.138944464821944,0.6664503376182973,0.4961349174551164,0.6155487592641777,0.6664503376182973,0.6546052482973135
-0.13999999999999,0.67175200246099,0.120801050331931,0.635371025530342,0.473183221328625,0.5980365156924372,0.635371025530342,0.6224222408103346
-0.13,0.6448444337761949,0.155253425052474,0.6023584152296992,0.4498515313597825,0.5802343351728414,0.6023584152296992,0.5882372793973034
-0.12,0.6072336020305122,0.168263401547851,0.5676242423308384,0.426326645689963,0.5622847454964724,0.5676242423308384,0.5522696188746217
-0.10999999999999,0.5690387089756694,0.182469310666903,0.5314866082154464,0.4028340797054923,0.5443598158800341,0.5314866082154464,0.5148486571105391
-0.09999999999999,0.5216074975434111,0.192528171261581,0.494383301381512,0.3796386752132508,0.5266616217694764,0.494383301381512,0.476427729444931
-0.09,0.4794871691781665,0.146215706818339,0.4568801444612715,0.3570431161026339,0.5094211122836411,0.4568801444612715,0.4375927521283901
-0.07999999999999,0.4399068283667114,0.139763898256085,0.4196716098903165,0.3353838061244604,0.4928949649417108,0.4196716098903165,0.3990628598551102
-0.0699999999999999,0.4001363280592507,0.127745350638321,0.3835709358505877,0.3150236704378891,0.4773600932123234,0.3835709358505877,0.3616801707010657
-0.05999999999999,0.3670621585754163,0.099116296516569,0.3494874765019524,0.2963416568504694,0.4631056359142484,0.3494874765019524,0.3263863320120049
-0.05,0.3369082956373826,0.100594378985588,0.3183901650362698,0.2797190402893826,0.4504225074686167,0.3183901650362698,0.2941846859494191
-0.04,0.3057493039347477,0.086842884962414,0.291257763063652,0.265523055092451,0.439590909266053,0.291257763063652,0.2660887521220135
-0.02999999999999,0.2790183119248151,0.08243941499836,0.2690188374627945,0.2540888431777046,0.4308665560418564,0.2690188374627945,0.2430600728806818
-0.02,0.2563485834367167,0.057911262317038,0.2524867561770043,0.2457011315761814,0.4244666957541522,0.2524867561770043,0.2259409006708785
-0.0099999999999999,0.24243977458602,0.036991029375623,0.2422968742325911,0.2405773431698261,0.4205572230037445,0.2422968742325911,0.2153891533870133
0.0,0.2388539098041998,0.032201675909393,0.2388539098041997,0.2388539098041996,0.4192422358798221,0.2388539098041997,0.2118239216449869
0.0099999999999999,0.2406468421951099,0.037344243539198,0.2422968742325911,0.2405773431698261,0.4205572230037445,0.2422968742325911,0.2153891533870133
0.02,0.2501683998165341,0.043758036623135,0.2524867561770043,0.2457011315761814,0.4244666957541522,0.2524867561770043,0.2259409006708785
0.02999999999999,0.2587663256002167,0.040557139894144,0.2690188374627945,0.2540888431777046,0.4308665560418564,0.2690188374627945,0.2430600728806818
0.04,0.2638463007077954,0.039660417735197,0.291257763063652,0.265523055092451,0.439590909266053,0.291257763063652,0.2660887521220135
0.05,0.2729603736949218,0.063321376609387,0.3183901650362698,0.2797190402893826,0.4504225074686167,0.3183901650362698,0.2941846859494191
0.05999999999999,0.2906723724657308,0.066278776021355,0.3494874765019524,0.2963416568504694,0.4631056359142484,0.3494874765019524,0.3263863320120049
0.0699999999999999,0.306659352951346,0.063893385188816,0.3835709358505877,0.3150236704378891,0.4773600932123234,0.3835709358505877,0.3616801707010657
0.07999999999999,0.3224697567620988,0.0842548750860899,0.4196716098903165,0.3353838061244604,0.4928949649417108,0.4196716098903165,0.3990628598551102
0.09,0.3420018535661045,0.0719894915933399,0.4568801444612715,0.3570431161026339,0.5094211122836411,0.4568801444612715,0.4375927521283901
0.1,0.3580974966208657,0.098660680897418,0.4943833013815494,0.3796386752132737,0.5266616217694939,0.4943833013815494,0.4764277294449699
0.11,0.3798843417346523,0.083954350009367,0.5314866082154832,0.4028340797055157,0.544359815880052,0.5314866082154832,0.5148486571105771
0.12,0.4003536531975428,0.099590402160455,0.5676242423308384,0.426326645689963,0.5622847454964724,0.5676242423308384,0.5522696188746217
0.13,0.4286466696389501,0.100444842723414,0.6023584152296992,0.4498515313597825,0.5802343351728414,0.6023584152296992,0.5882372793973034
0.1399999999999999,0.4523079440705063,0.092518645628724,0.635371025530374,0.4731832213286481,0.5980365156924548,0.635371025530374,0.6224222408103677
0.15,0.4766483595592256,0.075589473909499,0.6664503376182973,0.4961349174551164,0.6155487592641777,0.6664503376182973,0.6546052482973135
0.16,0.5043980631549025,0.089466091704357,0.6954750945416598,0.5185563987787756,0.6326564466444557,0.6954750945416598,0.6846607388026624
0.1699999999999999,0.5334517175803324,0.082792955405227,0.7223979581319266,0.5403308703009795,0.6492704627433634,0.7223979581319266,0.7125396930743775
0.18,0.5630079363880627,0.091842372253713,0.7472296189948018,0.5613712421427325,0.6653243576059518,0.7472296189948018,0.7382531813653151
0.19,0.5938816888466892,0.095685572572175,0.7700244194675223,0.5816161882161252,0.6807713391614802,0.7700244194675223,0.7618574758298011
0.2,0.626453293948223,0.101898225302925,0.7908679270728134,0.601026241911738,0.6955812942159914,0.7908679270728134,0.7834411826833372
0.21,0.6613068130018241,0.1022247467817299,0.8098665962439615,0.6195801045101239,0.7097379717542807,0.8098665962439615,0.8031145367925696
0.22,0.6963912400148607,0.1078931304424239,0.827139454488588,0.6372712744141644,0.7232364110295817,0.827139454488588,0.8210007925962743
0.2299999999999999,0.7314349185644675,0.113421372288212,0.8428116284325967,0.6541050528805404,0.7360806569237069,0.8428116284325967,0.8372295202447455
0.24,0.7686790141392822,0.1087783189188369,0.8570094653463631,0.6700959436644909,0.7482817758647344,0.8570094653463631,0.8519315538805458
0.25,0.8048364840226363,0.1081972548452989,0.8698569881412737,0.6852654378010332,0.7598561656054821,0.8698569881412737,0.8652353207440979
0.26,0.8419990826705913,0.115619126269961,0.8814734310148059,0.6996401581978655,0.7708241395398545,0.8814734310148059,0.87726428930405
0.27,0.8777354850985043,0.0905689511145849,0.8919716272392096,0.7132503294560042,0.7812087591693611,0.8919716272392096,0.8881352997927505
0.2799999999999999,0.9077399370039622,0.117534887143037,0.9014570518232446,0.7261285343065023,0.7910348852589437,0.9014570518232446,0.8979575728707792
0.29,0.9404881187803584,0.0900399185731889,0.910027354567912,0.7383087175788867,0.8003284178605818,0.910027354567912,0.9068322261004494
0.29999999999999,0.9655212581473837,0.075384689547118,0.917772250178208,0.7498254004051261,0.8091156967475134,0.917772250178208,0.9148521601551876
0.30999999999999,0.985773244471982,0.056688422816914,0.9247736598966548,0.7607130704584959,0.8174230361638489,0.9247736598966548,0.9221022054827837
0.31999999999999,0.997861955289482,0.0356260430899669,0.9311060229101604,0.7710057177570355,0.825276370640598,0.9311060229101604,0.9286594447710012
0.3299999999999899,1.0036618199176537,0.042171496652906,0.936836715491477,0.7807364894753638,0.8327009916155891,0.936836715491477,0.9345936469736802
0.33999999999999,1.00548191795085,0.0474476664991459,0.942026531759786,0.78993744101785,0.8397213575012206,0.942026531759786,0.9399677651441968
0.34999999999999,1.005576997698853,0.040179976807473,0.9467301925415462,0.7986393641436212,0.846360962543097,0.9467301925415462,0.9448384633670917
0.35999999999999,1.0048299425359737,0.05052255975372,0.9509968585952184,0.8068716761125875,0.8526422522379659,0.9509968585952184,0.949256648208544
0.36999999999999,1.0053460897394175,0.046450781681059,0.9548706319331204,0.8146623566106639,0.858586575207389,0.9548706319331204,0.9532679878412788
0.3799999999999899,1.0050744333165524,0.049963641596751,0.958391034584444,0.8220379216149045,0.8642141632567265,0.958391034584444,0.956913407809523
0.38999999999999,1.0049793535685496,0.042721214360428,0.9615934582876852,0.8290234253990613,0.8695441329053866,0.9615934582876852,0.9602295566910112
0.39999999999999,1.0051966787068416,0.04757662532677,0.9645095816060968,0.835642483591615,0.8745945029802036,0.9645095816060968,0.9632492380251346
0.40999999999999,1.0051015989588388,0.044234756222744,0.9671677530933752,0.841917311620404,0.8793822239488558,0.9671677530933752,0.9660018070856936
0.41999999999999,1.0053053412759876,0.048445484493156,0.9695933406119251,0.847868774049676,0.88392321556425,0.9695933406119251,0.968513532604228
0.42999999999999,1.0046941143245411,0.0496188508298069,0.971809047890433,0.8535164412737934,0.8882324101220642,0.971809047890433,0.9708079245692548
0.4399999999999899,1.0049657707474062,0.048148935578024,0.973835200031166,0.8588786508106121,0.8923237992278608,0.973835200031166,0.972906029872565
0.4499999999999899,1.0044360407228192,0.047385207174058,0.9756900000399772,0.8639725710665991,0.8962104824501479,0.9756900000399772,0.9748266979491776
0.45999999999999,1.0057671571948583,0.048453501220607,0.977389758628904,0.868814265950931,0.8999047166212166,0.977389758628904,0.9765868187407408
0.46999999999999,1.0049657707474062,0.048845703058819,0.9789490995890244,0.8734187591192316,0.9034179648553908,0.9789490995890244,0.9782015353616328
0.47999999999999,1.005902985406291,0.049555209151062,0.9803811429917542,0.8778000969479239,0.90676094459873,0.9803811429917542,0.9796844338061448
0.48999999999999,1.0046805315033978,0.047145253487198,0.9816976683807376,0.8819714095929783,0.9099436742171202,0.9816976683807376,0.981047711935678
0.49999999999999,1.0048163597148303,0.049366742325121,0.9829092599860874,0.8859449696850572,0.9129755177809218,0.9829092599860874,0.9823023298498642
0.50999999999999,1.004381709438246,0.0472982414439,0.9840254358437344,0.8897322483673333,0.9158652278220688,0.9840254358437344,0.9834581435912296
0.51999999999999,1.0054004210239904,0.051663610396108,0.9850547625461464,0.8933439685013149,0.918620985930344,0.9850547625461464,0.9845240239709664
0.52999999999999,1.0046941143245411,0.048446486656635,0.9860049571941318,0.8967901549569547,0.921250441124949,0.9860049571941318,0.9855079621412728
0.5399999999999899,1.004531120470822,0.047147930925108,0.9868829779678728,0.9000801819719148,0.9237607459898294,0.9868829779678728,0.9864171633827632
0.5499999999999899,1.0042322984056704,0.0474312916827759,0.9876951045917892,0.9032228176157838,0.9261585906000648,0.9876951045917892,0.9872581304268182
0.5599999999999901,1.004177967121097,0.043083570965041,0.9884470098341304,0.90622626543204,0.9284502342948672,0.9884470098341304,0.9880367374942872
0.56999999999999,1.0048163597148303,0.048453501220608,0.9891438230591691,0.90909820335666,0.9306415353726472,0.9891438230591691,0.9887582961045612
0.57999999999999,1.003906310698232,0.045945496754077,0.9897901867377372,0.9118458200299008,0.9327379787970628,0.9897901867377372,0.989427613592921
0.58999999999999,1.0046941143245411,0.047195687350855,0.9903903067203916,0.9144758486288532,0.9347447020114026,0.9903903067203916,0.9900490451690188
0.59999999999998,1.0038519794136591,0.051332509767694,0.99094799698627,0.916994598354437,0.9366665189632994,0.99094799698627,0.990626540254862
0.60999999999999,1.0046126173976817,0.04871432332272,0.9914667194989956,0.9194079837087848,0.9385079424435028,0.9914667194989956,0.9911636837560912
0.61999999999999,1.0033494150313584,0.047047938698934,0.9919496197281408,0.921721551698344,0.9402732048419612,0.9919496197281408,0.9916637328448888
0.62999999999998,1.0044224579016758,0.049139035189807,0.992399558329992,0.9239405070955118,0.9419662774225614,0.992399558329992,0.9921296497658
0.63999999999999,1.0031864211776391,0.051898202841636,0.992819139423865,0.9260697358873488,0.9435908882145968,0.992819139423865,0.992564131116201
0.64999999999999,1.0044224579016758,0.049422768424089,0.9932107358493464,0.9281138270348432,0.9451505386151806,0.9932107358493464,0.9929696340004824
0.65999999999999,1.0035803229907938,0.04866007572981,0.9935765117448628,0.9300770926604428,0.946648518792421,0.9935765117448628,0.9933483994104324
0.6699999999999899,1.0037025683810832,0.04397032925739,0.9939184427482248,0.9319635867752384,0.948087921974342,0.9939184427482248,0.9937024731431484
0.67999999999999,1.0036618199176537,0.0484865562106169,0.994238334084768,0.9337771226509046,0.9494716577037504,0.994238334084768,0.9940337245315268
0.6899999999999901,1.0034716604216478,0.046226985821293,0.9945378367777872,0.9355212889350406,0.950802464134311,0.9945378367777872,0.9943438632303672
0.6999999999999901,1.0032000039987827,0.047812992667343,0.994818462188734,0.937199464602228,0.9520829194382672,0.994818462188734,0.9946344542729224
0.70999999999999,1.003797648129086,0.04873823688919,0.9950815950706275,0.93881483282697,0.9533154523915542,0.9950815950706275,0.994906931587867
0.71999999999998,1.003539574527364,0.048979704190764,0.9953285052969952,0.940370393858734,0.9545023521975132,0.9953285052969952,0.9951626101447576
0.72999999999999,1.0036074886330804,0.048076279831822,0.995560358410016,0.9418689769736768,0.955645777606108,0.995560358410016,0.995402696876765
0.73999999999999,1.003743316844513,0.048314021348379,0.9957782251151156,0.9433132515722004,0.9567477653814088,0.9957782251151156,0.9956283005124418
0.74999999999999,1.002955513218204,0.0487230929932119,0.995983089834799,0.9447057374865118,0.9578102381663068,0.995983089834799,0.9958404404333232
0.75999999999999,1.003322249389072,0.0516731949411709,0.9961758584217334,0.9460488145574834,0.958835011789696,0.9961758584217334,0.9960400546609164
0.7699999999999899,1.0031320898930662,0.0467730515599219,0.996357365119841,0.947344731535734,0.9598238020580409,0.996357365119841,0.996228007064998
0.77999999999999,1.003376580673645,0.047687523850618,0.996528378852229,0.9485956143576544,0.9607782310700166,0.996528378852229,0.9964050938748426
0.78999999999999,1.0028196850067714,0.046932425651299,0.9966896089060135,0.9498034738432362,0.961699833089988,0.9966896089060135,0.9965720495659272
0.7999999999999899,1.0030505929662068,0.04595204785281,0.9968417100763444,0.9509702128589635,0.9625900600133258,0.9968417100763444,0.9967295521866312
0.8099999999999901,1.0021405439496085,0.043953763559911,0.9969852873250884,0.9520976329857004,0.9634502864540336,0.9969852873250884,0.9968782281823616
0.81999999999999,1.002955513218204,0.048715120630728,0.9971209000035824,0.953187440728412,0.9642818144827924,0.9971209000035824,0.9970186567682632
0.82999999999999,1.0019911329170326,0.045117828117702,0.9972490656834884,0.9542412533017098,0.9650858780413568,0.9972490656834884,0.9971513738961169
0.8399999999999901,1.0035531573485073,0.046400584503094,0.9973702636350537,0.9552606040225776,0.9658636470572276,0.9973702636350537,0.9972768758561216
0.84999999999999,1.0029011819336309,0.045427753355953,0.997484937987862,0.9562469473391976,0.9666162312806684,0.997484937987862,0.997395622549888
0.8599999999999899,1.0032543352833556,0.048514585207142,0.9975935006054292,0.9572016635225612,0.9673446838644256,0.9975935006054292,0.9975080404671216
0.86999999999999,1.0025208629416196,0.0479954222283739,0.9976963337016942,0.9581260630454784,0.9680500047049292,0.9976963337016942,0.9976145253950262
0.87999999999999,1.0029690960393471,0.047014904921562,0.9977937922244994,0.9590213906716948,0.9687331435623106,0.9977937922244994,0.9977154448864304
0.8899999999999899,1.0025616114050495,0.049218605912092,0.9978862060285572,0.9598888292760837,0.9693950029752212,0.9978862060285572,0.99781114050992
0.89999999999999,1.0027789365433415,0.041632714160166,0.9979738818580592,0.9607295034152472,0.970036440985221,0.9979738818580592,0.9979019299028546
0.90999999999999,1.0029419303970606,0.04491939136505,0.9980571051570214,0.9615444826664004,0.9706582736843582,0.9980571051570214,0.997988108646001
0.91999999999999,1.0027789365433415,0.041144727789665,0.998136141723612,0.9623347847510214,0.9712612775985292,0.998136141723612,0.9980699519766104
0.92999999999999,1.0033629978525016,0.0492897748328979,0.9982112392230617,0.9631013784585086,0.9718461919182418,0.9982112392230617,0.9981477163550564
0.93999999999999,1.0029283475759174,0.045241838359021,0.998282628572293,0.9638451863839246,0.9724137205875256,0.998282628572293,0.9982216408986336
0.94999999999999,1.003227169641069,0.051836235710289,0.998350525208088,0.964567087492834,0.9729645342609142,0.998350525208088,0.9982919486947632
0.95999999999999,1.002330703445614,0.048347774224244,0.9984151302494472,0.965267919525273,0.9734992721376844,0.9984151302494472,0.9983588480046284
0.96999999999999,1.0028875991124877,0.046167922938894,0.9984766315637448,0.9659484812499745,0.974018543681839,0.9984766315637448,0.9984225333671904
0.97999999999999,1.0020182985593191,0.048997146964737,0.998535204745341,0.9666095345791484,0.9745229302356956,0.998535204745341,0.9984831866125552
0.98999999999999,1.0033358322102153,0.0498453400798419,0.99859101401448,0.9672518065533492,0.9750129865343464,0.99859101401448,0.9985409777927932
0.99999999999999,1.0020590470227488,0.047928206820014,0.998644213043544,0.9678759912052534,0.9754892421277304,0.998644213043544,0.9985960660375336
1.00999999999999,1.0029962616816337,0.044926308225956,0.9986949457170587,0.968482751310528,0.9759522027165524,0.9986949457170587,0.9986486003409616
1.01999999999999,1.0024122003724736,0.0461521460451069,0.9987433468312388,0.969072720033362,0.9764023514078316,0.9987433468312388,0.9986987202862044
1.02999999999999,1.0026566911530523,0.045224664869806,0.998789542738316,0.9696465024736872,0.9768401498954372,0.998789542738316,0.9987465567125424
1.03999999999999,1.0018688875267432,0.045422623078308,0.9988336519404052,0.9702046771226068,0.9772660395705872,0.9988336519404052,0.9987922323303638
1.04999999999999,1.003213586819926,0.048774682504741,0.9988757856372148,0.9707477972320708,0.9776804425669158,0.9988757856372148,0.9988358622883254
1.0599999999999898,1.0024122003724736,0.0464624865525269,0.99891604823152,0.9712763921044144,0.978083762744398,0.99891604823152,0.9988775546967774
1.06999999999999,1.0030370101450636,0.0475049339071809,0.9989545377959524,0.9717909683069708,0.9784763866161036,0.9989545377959524,0.9989174111111276
1.07999999999999,1.0019775500958894,0.050487952886344,0.9989913465043352,0.9722920108165962,0.9788586842214744,0.9989913465043352,0.9989555269784968
1.08999999999999,1.0020726298438922,0.0431680055911,0.9990265610305096,0.9727799840986104,0.9792310099495616,0.9990265610305096,0.9989919920507068
1.09999999999998,1.002344286266757,0.050090000092411,0.9990602629173247,0.9732553331243352,0.9795937033154114,0.9990602629173247,0.999026890766374
1.10999999999999,1.002534445762763,0.039997830645974,0.9990925289182324,0.9737184843311268,0.9799470896925742,0.9990925289182324,0.9990603026046364
1.11999999999999,1.0025616114050495,0.0465165832715259,0.9991234313137064,0.9741698465285146,0.9802914810044916,0.9991234313137064,0.9990923024128074
1.12999999999999,1.0020590470227488,0.045440576516011,0.9991530382045188,0.974609811753834,0.9806271763773488,0.9991530382045188,0.9991229607100692
1.13999999999999,1.0026702739741955,0.044893443645261,0.99918141378372,0.9750387560804812,0.9809544627567764,0.99918141378372,0.9991523439691096
1.14999999999999,1.0018688875267432,0.048770899800781,0.9992086185890156,0.9754570403817234,0.9812736154906406,0.9992086185890156,0.999180514877463
1.15999999999999,1.0021405439496085,0.042689609181777,0.9992347097370862,0.9758650110527928,0.981584898880004,0.9992347097370862,0.9992075325801496
1.16999999999999,1.0011897464695805,0.046833009986646,0.9992597411412608,0.9762630006938088,0.9818885667001988,0.9992597411412608,0.9992334529050808
1.17999999999998,1.0028604334702012,0.045985845136325,0.9992837637138428,0.9766513287559024,0.9821848626938212,0.9992837637138428,0.9992583285725692
1.18999999999999,1.0016651452095944,0.042055981145877,0.9993068255542668,0.9770303021527612,0.9824740210373454,0.9993068255542668,0.9992822093901668
1.19999999999999,1.0025208629416196,0.043762474512885,0.9993289721241784,0.9774002158396606,0.9827562667829234,0.9993289721241784,0.9993051424339632
1.20999999999998,1.0016108139250215,0.046791316932701,0.999350246410428,0.9777613533619204,0.9830318162768628,0.999350246410428,0.9993271722173674
1.21999999999999,1.0023986175513304,0.04552063942566,0.999370689076894,0.978113987374591,0.9833008775561484,0.999370689076894,0.9993483408483226
1.22999999999999,1.0017058936730243,0.048956900289267,0.9993903386059746,0.9784583801350554,0.9835636507242996,0.9993903386059746,0.999368688175822
1.23999999999998,1.0026023598684792,0.044872891059393,0.999409231430516,0.9787947839701346,0.9838203283077732,0.999409231430516,0.9993882519265238
1.24999999999999,1.0022084580553248,0.047755891345225,0.9994274020568892,0.979123441719171,0.9840710955940404,0.9994274020568892,0.9994070678321962
1.25999999999999,1.0021948752341816,0.040949090601599,0.9994448831798616,0.9794445871544696,0.984316130952382,0.9994448831798616,0.9994251697486708
1.26999999999998,1.0024122003724736,0.0516636103961069,0.9994617057898668,0.9797584453804058,0.9845556061384116,0.9994617057898668,0.9994425897669198
1.27999999999999,1.002222040876468,0.043421218854723,0.9994778992732214,0.9800652332124024,0.9847896865832364,0.9994778992732214,0.999459358316834
1.28999999999999,1.0023035378033276,0.045117182459697,0.9994934915058008,0.9803651595369168,0.985018531668128,0.9994934915058008,0.9994755042642224
1.29999999999998,1.0020454642016057,0.045587144605025,0.9995085089406366,0.9806584256535136,0.9852422949855264,0.9995085089406366,0.9994910550015228
1.30999999999999,1.002113378307322,0.046252185422944,0.9995229766898744,0.9809452256000124,0.9854611245871282,0.9995229766898744,0.9995060365326688
1.3199999999999898,1.0017738077787404,0.0447443862722379,0.9995369186014852,0.9812257464616566,0.985675163219785,0.9995369186014852,0.9995204735525256
1.32999999999999,1.002493697299333,0.045234969745727,0.9995503573311024,0.9815001686651862,0.9858845485498808,0.9995503573311024,0.9995343895212788
1.33999999999999,1.0016379795673078,0.0438411723009899,0.9995633144093228,0.981768666258638,0.9860894133768217,0.9995633144093228,0.9995478067341242
1.34999999999999,1.002235623697611,0.044934952804831,0.9995758103047836,0.982031407177654,0.98628988583623,0.9995758103047836,0.9995607463865864
1.35999999999999,1.0014206544290158,0.0445181195823789,0.9995878644833136,0.9822885534990284,0.986486089593402,0.9995878644833136,0.999573228635768
1.36999999999999,1.0024122003724736,0.044715948397571,0.999599495463416,0.9825402616821822,0.9866781440275536,0.999599495463416,0.999585272657806
1.37999999999999,1.0011082495427208,0.041053294160694,0.9996107208683436,0.9827866827992066,0.9868661644073444,0.9996107208683436,0.999596896701794
1.38999999999999,1.0023171206244708,0.044917661983398,0.9996215574749882,0.9830279627540898,0.9870502620581502,0.9996215574749882,0.9996081181404088
1.39999999999999,1.0017058936730243,0.04370919009703,0.9996320212598022,0.983264242491696,0.9872305445215124,0.9996320212598022,0.9996189535174612
1.40999999999998,1.0026159426896224,0.04986462212083,0.9996421274419488,0.9834956581970336,0.9874071157071828,0.9996421274419488,0.9996294185925816
1.41999999999999,1.0020726298438922,0.0452158609285339,0.9996518905238648,0.9837223414853264,0.9875800760381468,0.9996518905238648,0.9996395283832205
1.42999999999999,1.002371451909044,0.0460280568424949,0.9996613243294082,0.9839444195833555,0.9877495225889902,0.9996613243294082,0.999649297204151
1.43999999999998,1.0019775500958894,0.0478657659579309,0.999670442039744,0.9841620155025363,0.9879155492179552,0.999670442039744,0.9996587387046308
1.44999999999999,1.0018281390633137,0.0390723776408239,0.9996792562271202,0.9843752482041418,0.9880782466930088,0.9996792562271202,0.9996678659033772
1.45999999999999,1.0017738077787404,0.046748132732237,0.9996877788866698,0.9845842327570804,0.9882377028122262,0.9996877788866698,0.999676691221496
1.46999999999998,1.0019775500958894,0.042720532481147,0.999696021466362,0.9847890804886068,0.9883940025187854,0.999696021466362,0.9996852265134998
1.47999999999999,1.00243936601476,0.0437402805614459,0.9997039948952244,0.9849898991283188,0.9885472280108364,0.9997039948952244,0.9996934830965298
1.48999999999999,1.0017466421364538,0.04524677453079,0.9997117096099452,0.9851867929457776,0.9886974588465056,0.9997117096099452,0.9997014717779048
1.49999999999998,1.0026702739741955,0.045520639425661,0.9997191755799572,0.9853798628820728,0.9888447720442816,0.9997191755799572,0.999709202881094
1.50999999999999,1.0013934887867293,0.0459317575457969,0.999726402331099,0.9855692066756292,0.9889892421790064,0.999726402331099,0.9997166862702191
1.51999999999999,1.0026566911530523,0.044041160036862,0.9997333989679408,0.9857549189825396,0.9891309414736889,0.9997333989679408,0.9997239313731748
1.52999999999998,1.001542899819305,0.043039373886962,0.9997401741948616,0.9859370914916952,0.9892699398873496,0.9997401741948616,0.9997309472034512
1.53999999999999,1.0021812924130382,0.046036494539167,0.9997467363359502,0.9861158130349628,0.9894063051990885,0.9997467363359502,0.9997377423807444
1.5499999999999898,1.0019096359901731,0.045141926075247,0.9997530933538036,0.9862911696926524,0.9895401030885542,0.9997530933538036,0.9997443251504206
1.55999999999999,1.002466531657047,0.0485041763277619,0.9997592528672924,0.9864632448945008,0.9896713972129978,0.9997592528672924,0.9997507034019134
1.56999999999999,1.001379905965586,0.045273592140577,0.9997652221683512,0.986632119516386,0.9898002492810646,0.9997652221683512,0.9997568846861103
1.57999999999999,1.0018553047056,0.04721276089146,0.9997710082378574,0.986797871972977,0.9899267191234868,0.9997710082378574,0.9997628762317956
1.58999999999999,1.0017466421364538,0.047785161756643,0.9997766177606496,0.9869605783065122,0.9900508647608212,0.9997766177606496,0.9997686849612012
1.59999999999999,1.0021948752341814,0.044877218701781,0.999782057139739,0.9871203122718852,0.9901727424683718,0.999782057139739,0.9997743175047228
1.60999999999999,1.001379905965586,0.044346129257491,0.9997873325097584,0.9872771454182172,0.9902924068384276,0.9997873325097584,0.999779780214848
1.61999999999999,1.0017873905998838,0.045975919761441,0.999792449749699,0.987431147167074,0.990409910839944,0.999792449749699,0.9997850791793442
1.62999999999999,1.002276372161041,0.044642055649854,0.9997974144949718,0.9875823848874876,0.9905253058757848,0.9997974144949718,0.9997902202337484
1.63999999999999,1.0017194764941677,0.046749794400645,0.9998022321488348,0.9877309239679284,0.9906386418376356,0.9998022321488348,0.9997952089732
1.64999999999999,1.0013391575021562,0.049478338583359,0.9998069078932228,0.9878768278853668,0.9907499671586996,0.9998069078932228,0.999800050763656
1.65999999999999,1.0017738077787404,0.043583492502558,0.9998114466990146,0.9880201582715572,0.9908593288642732,0.9998114466990146,0.999804750752522
1.66999999999999,1.0022899549821842,0.047442549976154,0.9998158533357678,0.9881609749766742,0.9909667726202984,0.9998158533357678,0.9998093138787334
1.67999999999999,1.0017738077787404,0.049122235823227,0.9998201323809548,0.988299336130416,0.9910723427799868,0.9998201323809548,0.9998137448823188
1.6899999999999902,1.0022084580553248,0.046603340780979,0.9998242882287256,0.9884352982006894,0.991176082428596,0.9998242882287256,0.9998180483134738
1.69999999999999,1.0012033292907236,0.04564844800322,0.9998283250982232,0.9885689160499884,0.9912780334264464,0.9998283250982232,0.9998222285411732
1.70999999999999,1.0024122003724736,0.041424381517897,0.9998322470414818,0.9887002429895638,0.9913782364502536,0.9998322470414818,0.9998262897613476
1.71999999999999,1.000904507225572,0.046122470874772,0.9998360579509248,0.9888293308314852,0.9914767310328508,0.9998360579509248,0.9998302360046486
1.7299999999999898,1.0018553047056,0.0470726988189,0.9998397615664876,0.9889562299386868,0.9915735556013752,0.9998397615664876,0.9998340711438258
1.7399999999999902,1.001121832363864,0.0435264197593179,0.999843361482388,0.9890809892730836,0.99166874751398,0.999843361482388,0.9998377989007352
1.74999999999999,1.0018281390633137,0.044883060357107,0.999846861153559,0.9892036564418476,0.9917623430951436,0.999846861153559,0.9998414228530024
1.75999999999999,1.001176163648437,0.047752637969786,0.9998502639017662,0.9893242777419136,0.991854377669628,0.9998502639017662,0.9998449464403558
1.76999999999999,1.0010403354370043,0.045066146246443,0.9998535729214248,0.989442898202804,0.9919448855951536,0.9998535729214248,0.9998483729706518
1.77999999999999,1.0012033292907236,0.046857676450787,0.9998567912851328,0.989559561627833,0.9920339002938392,0.9998567912851328,0.9998517056256032
1.7899999999999898,1.002222040876468,0.042085754968747,0.999859921948938,0.9896743106337654,0.9921214542824608,0.999859921948938,0.9998549474662332
1.79999999999999,1.0017873905998838,0.048194894231876,0.9998629677573478,0.9897871866889952,0.9922075792015824,0.9998629677573478,0.9998581014380644
1.80999999999999,1.0014206544290158,0.044325761025141,0.9998659314481008,0.9898982301503052,0.9922923058436046,0.9998659314481008,0.9998611703760584
1.81999999999999,1.0017738077787404,0.047079299318298,0.9998688156567108,0.9900074802982668,0.9923756641797732,0.9998688156567108,0.9998641570093216
1.8299999999999896,1.0007822618352826,0.03920857622538,0.9998716229207928,0.9901149753713392,0.9924576833861982,0.9998716229207928,0.9998670639655864
1.8399999999999896,1.0013527403232996,0.046453290116084,0.9998743556841884,0.990220752598719,0.9925383918689183,0.9998743556841884,0.9998698937754792
1.8499999999999897,1.0008230102987123,0.045994290576775,0.999877016300892,0.9903248482319964,0.9926178172880534,0.999877016300892,0.9998726488765912
1.85999999999999,1.001393488786729,0.042588269396061,0.9998796070387994,0.9904272975756604,0.9926959865810818,0.9998796070387994,0.9998753316173558
1.86999999999999,1.0006600164449932,0.04527251974119,0.9998821300832768,0.9905281350165084,0.9927729259852788,0.9998821300832768,0.9998779442607464
1.87999999999999,1.0009995869735746,0.0399407396204199,0.999884587540568,0.9906273940519968,0.9928486610593484,0.999884587540568,0.999880488987804
1.88999999999999,1.000483439770131,0.042715986341104,0.9998869814410422,0.9907251073175826,0.9929232167042864,0.9998869814410422,0.9998829679010006
1.89999999999999,1.0018688875267432,0.045618870884382,0.9998893137422946,0.990821306613092,0.9929966171834976,0.9998893137422946,0.9998853830274508
1.90999999999999,1.001067501079291,0.043451398019979,0.9998915863321054,0.9909160229281572,0.9930688861422052,0.9998915863321054,0.999887736321973
1.9199999999999904,1.0015021513558753,0.043144605613453,0.9998938010312632,0.9910092864667585,0.9931400466261776,0.9998938010312632,0.9998900296700168
1.92999999999999,1.001284826217583,0.0477672764142909,0.9998959595962624,0.9911011266709056,0.9932101210997956,0.9998959595962624,0.9998922648904532
1.93999999999999,1.0017058936730243,0.0478089307706,0.9998980637218782,0.9911915722434972,0.9932791314634952,0.9998980637218782,0.9998944437382428
1.94999999999999,1.0008773415832857,0.0473425647022089,0.9999001150436272,0.9912806511703838,0.9933470990706011,0.9999001150436272,0.9998965679069832
1.95999999999999,1.0011354151850074,0.039711554761743,0.999902115140118,0.9913683907416716,0.9934140447435836,0.999902115140118,0.9998986390313426
1.9699999999999904,1.0009860041524314,0.049237541759829,0.9999040655352982,0.9914548175722936,0.9934799887897512,0.9999040655352982,0.9999006586893874
1.9799999999999904,1.0016515623884512,0.043870619908409,0.9999059677006013,0.991539957621879,0.993544951016413,0.9999059677006013,0.9999026284048048
1.98999999999999,1.0016515623884512,0.0479889477345869,0.9999078230569998,0.9916238362139428,0.9936089507455216,0.9999078230569998,0.99990454964903
1.99999999999999,1.001434237250159,0.044247925117724,0.9999096329769704,0.9917064780544304,0.99367200682782,0.9999096329769704,0.9999064238432784
2.00999999999999,1.001325574681013,0.0445854667993119,0.9999113987863706,0.991787907249633,0.9937341376565124,0.9999113987863706,0.9999082523604924
2.01999999999999,1.0008637587621425,0.044734185450142,0.9999131217662364,0.9918681473235036,0.9937953611804774,0.9999131217662364,0.9999100365272
2.02999999999999,1.0018417218844569,0.049919311382305,0.999914803154502,0.9919472212343952,0.9938556949170376,0.999914803154502,0.9999117776252971
2.0399999999999903,1.001053918258148,0.045746405018838,0.9999164441476456,0.992025151391241,0.993915155964306,0.9999164441476456,0.9999134768937518
2.04999999999999,1.002004715738176,0.043397955408717,0.9999180459022644,0.9921019596692002,0.9939737610131238,0.9999180459022644,0.9999151355302348
2.05999999999999,1.0011082495427208,0.043371992998437,0.9999196095365852,0.992177667424788,0.9940315263586048,0.9999196095365852,0.999916754692683
2.06999999999999,1.0023035378033276,0.04882184213069,0.9999211361319073,0.9922522955105094,0.9940884679113008,0.9999211361319073,0.9999183355007956
2.07999999999999,1.0013663231444427,0.043404891009482,0.999922626733988,0.992325864289016,0.9941446012080029,0.999922626733988,0.9999198790374668
2.08999999999999,1.0016651452095944,0.0437844354430769,0.9999240823543688,0.9923983936468008,0.9941999414221914,0.9999240823543688,0.9999213863501604
2.09999999999999,1.0010810839004345,0.048921185886268,0.9999255039716456,0.9924699030074532,0.9942545033741492,0.9999255039716456,0.9999228584522238
2.10999999999999,1.0020454642016057,0.0461881094992289,0.9999268925326869,0.9925404113444832,0.9943083015407466,0.9999268925326869,0.9999242963241518
2.11999999999999,1.001488568534732,0.045502930974241,0.9999282489538028,0.9926099371937368,0.9943613500649146,0.9999282489538028,0.999925700914794
2.1299999999999897,1.0018688875267432,0.0456273842503019,0.9999295741218632,0.9926784986654156,0.9944136627648152,0.9999295741218632,0.9999270731425156
2.13999999999999,1.0013119918598696,0.044563464828228,0.9999308688953734,0.992746113455712,0.99446525314272,0.9999308688953734,0.9999284138963088
2.14999999999999,1.0016787280307375,0.042030344927644,0.9999321341055024,0.9928127988580784,0.9945161343936082,0.9999321341055024,0.9999297240368596
2.15999999999999,1.0015700654615916,0.049111362582699,0.9999333705570728,0.9928785717741404,0.994566319413493,0.9999333705570728,0.9999310043975712
2.16999999999999,1.0016515623884512,0.0413924899077169,0.9999345790295076,0.9929434487242668,0.9946158208074878,0.9999345790295076,0.9999322557855465
2.17999999999999,1.0017873905998838,0.0486760371799959,0.9999357602777428,0.993007445857812,0.9946646508976198,0.9999357602777428,0.9999334789825296
2.1899999999999897,1.0012033292907234,0.0489257508461039,0.999936915033098,0.993070578963038,0.9947128217304012,0.999936915033098,0.9999346747458124
2.19999999999999,1.0017738077787404,0.051379211533809,0.9999380440041188,0.9931328634767288,0.994760345084165,0.9999380440041188,0.9999358438091014
2.20999999999999,1.0010810839004345,0.046603549138098,0.9999391478773788,0.9931943144935096,0.9948072324761758,0.9999391478773788,0.9999369868833526
2.21999999999999,1.002222040876468,0.045984367024775,0.9999402273182564,0.9932549467748794,0.9948534951695214,0.9999402273182564,0.9999381046575732
2.2299999999999898,1.0016787280307375,0.048779659299881,0.999941282971676,0.993314774757968,0.9948991441797942,0.999941282971676,0.9999391977995904
2.23999999999999,1.0023035378033276,0.043557863607379,0.9999423154628236,0.993373812564026,0.9949441902815692,0.9999423154628236,0.9999402669567916
2.24999999999999,1.001176163648437,0.042684832263868,0.9999433253978314,0.993432074006656,0.9949886440146858,0.9999433253978314,0.9999413127568348
2.25999999999999,1.0020454642016057,0.044343282647718,0.9999443133644392,0.9934895725997988,0.9950325156903388,0.9999443133644392,0.999942335808331
2.2699999999999902,1.001379905965586,0.043693192100972,0.9999452799326268,0.9935463215654766,0.9950758153969887,0.9999452799326268,0.999943336701502
2.27999999999999,1.0020726298438922,0.044827642201699,0.9999462256552252,0.9936023338413054,0.9951185530060924,0.9999462256552252,0.9999443160088102
2.28999999999999,1.001067501079291,0.047204533450034,0.9999471510685012,0.9936576220877836,0.995160738177665,0.9999471510685012,0.9999452742855668
2.29999999999999,1.001692310851881,0.043216565060295,0.999948056692722,0.993712198695364,0.995202380365676,0.999948056692722,0.9999462120705148
2.30999999999999,1.0015021513558753,0.043198586436284,0.9999489430326974,0.993766075791318,0.9952434888232856,0.9999489430326974,0.9999471298863916
2.31999999999999,1.001488568534732,0.044866831658776,0.9999498105783022,0.9938192652463944,0.9952840726079266,0.9999498105783022,0.9999480282404676
2.32999999999999,1.0015021513558753,0.052032740537565,0.9999506598049772,0.9938717786812872,0.9953241405862392,0.9999506598049772,0.999948907625068
2.33999999999999,1.0018145562421703,0.0441969836439409,0.9999514911742128,0.9939236274729114,0.9953637014388586,0.9999514911742128,0.9999497685180716
2.34999999999999,1.0017602249575972,0.044832190801497,0.9999523051340145,0.993974822760498,0.9954027636650662,0.9999523051340145,0.9999506113833936
2.3599999999999897,1.001515734177019,0.045950568654089,0.9999531021193496,0.9940253754515112,0.9954413355873044,0.9999531021193496,0.9999514366714484
2.3699999999999903,1.0016787280307375,0.045363583183854,0.9999538825525806,0.994075296227396,0.9954794253555626,0.9999538825525806,0.9999522448195964
2.37999999999999,1.001515734177019,0.044968002984063,0.9999546468438772,0.9941245955491602,0.9955170409516344,0.9999546468438772,0.9999530362525744
2.38999999999999,1.002222040876468,0.04692911518888,0.9999553953916186,0.9941732836627964,0.9955541901932564,0.9999553953916186,0.9999538113829086
2.39999999999999,1.0011489980061503,0.046036494539166,0.999956128582778,0.9942213706045496,0.995590880738128,0.999956128582778,0.9999545706113144
2.40999999999999,1.002126961128465,0.042319291050813,0.9999568467932932,0.994268866206036,0.995627120087814,0.9999568467932932,0.9999553143270804
2.4199999999999897,1.0009860041524314,0.041805880036849,0.9999575503884252,0.9943157800992158,0.9956629155915422,0.9999575503884252,0.999956042908438
2.42999999999999,1.002167709591895,0.041282556988185,0.9999582397231022,0.994362121721227,0.9956982744498896,0.9999582397231022,0.9999567567229204
2.43999999999999,1.0005649366969904,0.044363642835543,0.9999589151422518,0.9944079003190822,0.9957332037183668,0.9999589151422518,0.999957456127704
2.44999999999999,1.0017738077787404,0.0436102196394019,0.9999595769811216,0.9944531249542364,0.9957677103109036,0.9999595769811216,0.999958141469942
2.45999999999999,1.0010946667215774,0.045748739825882,0.9999602255655874,0.994497804507025,0.995801801003234,0.9999602255655874,0.9999588130870828
2.46999999999999,1.002113378307322,0.043338845963512,0.999960861212452,0.9945419476809813,0.9958354824361918,0.999960861212452,0.9999594713071794
2.4799999999999898,1.0015021513558753,0.043885446933113,0.9999614842297314,0.9945855630070318,0.995868761118911,0.9999614842297314,0.999960116449186
2.48999999999999,1.0016243967461649,0.0478373568049459,0.999962094916932,0.9946286588475796,0.9959016434319412,0.999962094916932,0.9999607488232456
2.4999999999999902,1.0012440777541534,0.046613549184519,0.9999626935653184,0.9946712434004727,0.9959341356302756,0.9999626935653184,0.9999613687309656
2.50999999999999,1.001393488786729,0.044173029649948,0.9999632804581704,0.9947133247028656,0.9959662438462984,0.9999632804581704,0.9999619764656864
2.51999999999999,1.001515734177019,0.045389262139352,0.9999638558710324,0.994754910634975,0.9959979740926492,0.9999638558710324,0.9999625723127372
2.52999999999999,1.001488568534732,0.039958240006187,0.9999644200719536,0.9947960089237357,0.996029332265012,0.9999644200719536,0.9999631565496864
2.53999999999999,1.0015700654615916,0.049489523610061,0.9999649733217196,0.9948366271463538,0.9960603241448288,0.9999649733217196,0.99996372944658
2.54999999999999,1.0015564826404484,0.044926308225956,0.9999655158740752,0.9948767727337696,0.9960909554019386,0.9999655158740752,0.9999642912661748
2.55999999999999,1.001963967274746,0.0468560186082309,0.9999660479759428,0.9949164529740232,0.9961212315971476,0.9999660479759428,0.9999648422641616
2.56999999999999,1.0017058936730243,0.048558598085142,0.999966569867629,0.9949556750155322,0.9961511581847295,0.999966569867629,0.9999653826893804
2.57999999999999,1.001597231103878,0.0476917996903199,0.9999670817830266,0.994994445870282,0.99618074051486,0.9999670817830266,0.9999659127840308
2.58999999999999,1.0016787280307375,0.049262975343537,0.9999675839498096,0.9950327724169328,0.996209983835986,0.9999675839498096,0.9999664327838718
2.5999999999999903,1.0020862126650354,0.043515040857121,0.9999680765896212,0.9950706614038416,0.9962388932971332,0.9999680765896212,0.999966942918417
2.60999999999999,1.001488568534732,0.042465199142674,0.9999685599182548,0.9951081194520076,0.9962674739501528,0.9999685599182548,0.999967443411124
2.61999999999999,1.0020590470227488,0.04539781856338,0.9999690341458304,0.9951451530579388,0.9962957307519088,0.9999690341458304,0.999967934479574
2.62999999999999,1.0009724213312885,0.042085754968747,0.9999694994769636,0.995181768596445,0.9963236685664084,0.9999694994769636,0.9999684163356491
2.63999999999999,1.0019368016324597,0.0453188242633659,0.9999699561109296,0.9952179723233566,0.9963512921668772,0.9999699561109296,0.9999688891857016
2.6499999999999897,1.0010267526158612,0.0477723581583899,0.9999704042418226,0.9952537703781744,0.9963786062377812,0.9999704042418226,0.999969353230718
2.6599999999999904,1.0017738077787404,0.043725848452157,0.9999708440587076,0.9952891687866494,0.9964056153767942,0.9999708440587076,0.9999698086664772
2.66999999999999,1.001393488786729,0.049079519795688,0.9999712757457696,0.9953241734632984,0.9964323240967184,0.9999712757457696,0.9999702556837056
2.67999999999999,1.001800973421027,0.045258790784801,0.999971699482456,0.995358790213853,0.996458736827352,0.999971699482456,0.9999706944682232
2.68999999999999,1.001393488786729,0.0492690853333609,0.9999721154436167,0.9953930247376468,0.9964848579173112,0.9999721154436167,0.9999711252010884
2.69999999999999,1.001325574681013,0.045678431125394,0.9999725237996362,0.9954268826299424,0.996510691635806,0.9999725237996362,0.999971548058737
2.7099999999999898,1.0013527403232996,0.046786543716759,0.9999729247165644,0.995460369384199,0.9965362421743692,0.9999729247165644,0.9999719632131158
2.71999999999999,1.0013663231444427,0.044839770775794,0.999973318356242,0.9954934903942816,0.996561513648543,0.999973318356242,0.9999723708318125
2.72999999999999,1.0019503844536028,0.052225159428622,0.9999737048764212,0.9955262509566164,0.996586510099524,0.9999737048764212,0.9999727710781818
2.73999999999999,1.0015564826404484,0.046822849430378,0.9999740844308842,0.9955586562722912,0.9966112354957644,0.9999740844308842,0.9999731641114668
2.74999999999999,1.002113378307322,0.0479751865341129,0.999974457169556,0.9955907114491032,0.9966356937345356,0.999974457169556,0.9999735500869164
2.75999999999999,1.000850175940999,0.046536618590932,0.9999748232386144,0.9956224215035554,0.9966598886434512,0.9999748232386144,0.9999739291559002
2.76999999999999,1.0018824703478866,0.045894535351251,0.9999751827805972,0.9956537913628044,0.9966838239819532,0.9999751827805972,0.9999743014660174
2.77999999999999,1.0010267526158612,0.046336085117176,0.9999755359345048,0.99568482586656,0.9967075034427606,0.9999755359345048,0.9999746671612048
2.7899999999999903,1.0017602249575972,0.0423461281862089,0.9999758828359006,0.9957155297689356,0.9967309306532832,0.9999758828359006,0.9999750263818394
