z,ca,ca_std,z_oa,oa,oa_std,fit_ca,fit_oa
-2.215,1.1248492473712886,0.09586269580632399,-2.69,1.0001438692415494,0.034892394823422,1.0284070381229242,0.9999396906110867
-2.205,1.1178030857114831,0.1304146156955,-2.67999999999999,0.9981879429969204,0.039705441360357,1.0287672778702315,0.9999385990358948
-2.19499999999999,1.1221717059405627,0.10830311061241099,-2.66999999999999,0.9992202374038076,0.039118078086705005,1.0291335203069119,0.9999374826982337
-2.185,1.116957546312307,0.115703489652624,-2.6599999999999997,0.99764463015119,0.031686133724414,1.0295058885372044,0.9999363409222221
-2.175,1.1173803160118951,0.110292244414652,-2.65,0.997861955289482,0.041263500404671,1.0298845086439379,0.9999351730103991
-2.165,1.111884309917247,0.10284804822827899,-2.64,0.997753292720336,0.030838813859368,1.0302695097710053,0.9999339782429351
-2.155,1.1124480028500314,0.129675170277744,-2.62999999999999,0.9978755381106252,0.033237109144117996,1.0306610242083936,0.999932755876809
-2.14499999999999,1.111884309917247,0.124207830709063,-2.61999999999999,0.998486765062072,0.040595428898193994,1.0310591874798507,0.999931505144953
-2.1350000000000002,1.1108978472848745,0.121407678080908,-2.60999999999999,0.9986905073792208,0.035497436189302,1.0314641384332761,0.9999302252553602
-2.1249999999999902,1.1110387705180709,0.133331394610486,-2.6,0.998758421484937,0.04074822513397,1.0318760193339391,0.9999289153901558
-2.1149999999999998,1.1108978472848745,0.102348857092023,-2.59,0.998649758915791,0.04286462175289,1.0322949759605995,0.9999275747046289
-2.105,1.1121661563836394,0.124510408089718,-2.58,0.9997363846072516,0.044631396314871,1.0327211577046604,0.9999262023262233
-2.09499999999999,1.1093476917197171,0.137286472907627,-2.56999999999999,0.999383231257527,0.042409140053524,1.0331547176724236,0.9999247973534862
-2.085,1.1104750775852863,0.136553621732166,-2.55999999999999,0.9998450471763978,0.044953965026921006,1.03359581279058,0.9999233588549712
-2.07499999999999,1.1041335320914616,0.144836987883596,-2.55,0.9988535012329398,0.042295651102561,1.034044603915034,0.9999218858680948
-2.0650000000000004,1.1138572351819926,0.141249204731437,-2.54,0.9999537097455438,0.042429284087158,1.0345012559431757,0.999920377397944
-2.0549999999999997,1.1124480028500314,0.127398278443749,-2.53,1.0000759551358331,0.040880740810737004,1.0349659379297294,0.9999188324160319
-2.045,1.1123070796168355,0.153633880335623,-2.52,1.0008773415832857,0.04415016234718,1.0354388232062877,0.9999172498589993
-2.035,1.1054018411902264,0.150978017174354,-2.50999999999999,0.9993560656152404,0.040637505134627994,1.0359200895046743,0.99991562862726
-2.02499999999999,1.107515689688168,0.16060563472391198,-2.4999999999999902,0.999491893826673,0.040243726224803995,1.0364099190842568,0.9999139675835865
-2.015,1.1079384593877564,0.134983102769481,-2.4899999999999998,0.999070826371232,0.044368020149867,1.0369084988633488,0.9999122655516339
-2.005,1.1056836876566187,0.133174515635567,-2.48,0.9995598079323892,0.041830261045649006,1.0374160205548553,0.9999105213143971
-1.9949999999999999,1.1068110735221874,0.135662811407244,-2.4699999999999998,0.9995190594689596,0.040908046957979005,1.0379326808062885,0.9999087336126012
-1.9849999999999999,1.106106457356207,0.125871309244182,-2.46,1.0000352066724034,0.039904499168638,1.038458681344327,0.9999069011430195
-1.9749999999999899,1.1092067684865212,0.138823408543414,-2.44999999999999,1.0000623723146898,0.042955138523885,1.0389942291240641,0.9999050225567143
-1.965,1.1069519967553836,0.132158172060631,-2.43999999999999,0.9994647281843866,0.041604716680513,1.0395395364831166,0.9999030964572011
-1.95499999999999,1.106247380589403,0.124879229279687,-2.4299999999999997,0.9995733907535328,0.043335036910409,1.0400948213007675,0.9999011213985277
-1.9449999999999998,1.1041335320914616,0.150221508684837,-2.42,0.9992881515095242,0.045631640337644,1.0406603071623024,0.9998990958832661
-1.9349999999999998,1.1111796937512666,0.125004715055056,-2.41,1.0001982005261223,0.044969514502688,1.0412362235287533,0.9998970183604127
-1.9249999999999898,1.111602463450855,0.11288682933828399,-2.39999999999999,0.9995326422901027,0.045519999481152,1.0418228059122079,0.9998948872231921
-1.915,1.1145618513479731,0.14239156904759498,-2.38999999999999,1.0001846177049791,0.042044204284003,1.0424202960569013,0.9998927008067588
-1.90499999999999,1.1110387705180709,0.10919696162195901,-2.37999999999999,0.9988399184117966,0.046372743500960004,1.0430289421262986,0.999890457385793
-1.8950000000000002,1.1127298493164235,0.14533407965623701,-2.37,0.9996820533226788,0.043236332912031,1.0436489988963529,0.9998881551719823
-1.8849999999999998,1.110052307885698,0.14809119564176101,-2.36,0.999383231257527,0.044308232473665,1.044280727955199,0.9998857923113872
-1.875,1.1149846210475614,0.110642334347838,-2.35,1.000741513371853,0.04685601860823099,1.0449243979094716,0.9998833668816814
-1.865,1.1168166230791106,0.094975414147652,-2.33999999999999,1.000429108485558,0.050285218614398,1.0455802845975113,0.9998808768892611
-1.85499999999999,1.1152664675139536,0.134424421169825,-2.32999999999999,1.0001031207781197,0.045708182142075,1.046248671309692,0.9998783202662163
-1.8450000000000002,1.116957546312307,0.09937467937562999,-2.32,0.999749967428395,0.042994227993858006,1.0469298490161203,0.9998756948671578
-1.8349999999999902,1.121467089774582,0.086702303815306,-2.31,1.0001302864204062,0.043691414184262,1.0476241166019866,0.9998729984658907
-1.825,1.1206215503754056,0.0986568584001,-2.3,0.9995733907535328,0.046583334158549,1.0483317811108108,0.9998702287519269
-1.815,1.1193532412766405,0.09292838582280401,-2.29,0.9996684705015356,0.041638544598920996,1.0490531579959053,0.9998673833268276
-1.80499999999999,1.124003707972112,0.092171710186481,-2.27999999999999,1.0000895379569763,0.04474612235078,1.0497885713803043,0.9998644597003677
-1.7950000000000002,1.1244264776717003,0.06300619868066999,-2.2699999999999902,1.0001982005261223,0.042655704244174,1.0505383543254971,0.9998614552865107
-1.7849999999999902,1.1245674009048965,0.10819689793436299,-2.26,1.0005649366969904,0.046325186749756,1.0513028491092689,0.9998583673991845
-1.775,1.1251310938376808,0.08310761425011,-2.25,0.9997635502495384,0.044085013563197994,1.0520824075129571,0.999855193247848
-1.765,1.1220307827073666,0.102603849906108,-2.2399999999999998,1.0006600164449932,0.03969565795980601,1.052877391118496,0.9998519299328346
-1.755,1.1223126291737588,0.077914646031142,-2.23,0.9993153171518104,0.044239146289965996,1.0536881716155606,0.9998485744404636
-1.745,1.1263994029364457,0.09860387120126299,-2.21999999999999,1.0000352066724034,0.040397852722607,1.0545151311191987,0.9998451236379028
-1.73499999999999,1.128090481734799,0.114166588796442,-2.20999999999999,0.9996820533226788,0.041042649123696,1.0553586624983131,0.9998415742677709
-1.725,1.128090481734799,0.10421100205318799,-2.1999999999999997,1.0002932802741251,0.043914864851687004,1.0562191697153782,0.9998379229424642
-1.7149999999999999,1.1303452534659366,0.07511423322222101,-2.19,0.9992881515095242,0.040046597115072004,1.0570970681778096,0.9998341661381913
-1.7049999999999998,1.1335864878294468,0.08940869124748599,-2.18,0.9996820533226788,0.044309985640847004,1.0579927851013702,0.9998303001887002
-1.695,1.132318178730682,0.09184226073212201,-2.16999999999999,0.9993968140786702,0.045061190287979,1.0589067598860737,0.9998263212786794
-1.68499999999999,1.133868334295839,0.077645881359855,-2.15999999999999,1.000211783347266,0.04039809308515,1.059839444505009,0.9998222254368136
-1.675,1.1320363322642897,0.10596156699583,-2.15,0.999546225111246,0.047006642849971,1.0607913039065449,0.9998180085284757
-1.66499999999999,1.1352775666278,0.100836457291372,-2.1399999999999997,0.9998586299975412,0.041782879198032995,1.0617628164304052,0.9998136662480319
-1.6549999999999998,1.1411963424220364,0.123329548384005,-2.13,1.000279697452982,0.051356527721015996,1.0627544742380697,0.9998091941107381
-1.645,1.1364049524933688,0.115522674587224,-2.12,0.9998586299975412,0.044151262007752004,1.0637667837580516,0.9998045874442033
-1.63499999999999,1.140491726256056,0.14174413063755,-2.10999999999999,0.9998993784609708,0.038938944561192,1.0648002661465261,0.9997998413793944
-1.625,1.1373914151257416,0.153688297721668,-2.09999999999999,0.9988806668752264,0.045652914822616006,1.0658554577638768,0.999794950841154
-1.61499999999999,1.138096031291722,0.116961368561848,-2.09,1.000116703599263,0.040365150082932004,1.0669329106677203,0.9997899105382033
-1.6049999999999998,1.143169267686782,0.127168347110505,-2.08,1.0001438692415494,0.045159131029068,1.0680331931229365,0.9997847149525984
-1.595,1.1440148070859586,0.094101982206439,-2.07,1.000483439770131,0.047503298653608,1.0691568901293622,0.9997793583286052
-1.585,1.141478188888429,0.113477863898123,-2.06,0.9994647281843864,0.042564550708056,1.0703046039676818,0.9997738346609605
-1.575,1.148947120247822,0.13815925012090302,-2.04999999999999,1.000551353875847,0.044553004637018,1.0714769547641954,0.9997681376824779
-1.56499999999999,1.1481015808486454,0.15254145598788998,-2.0399999999999903,0.9999401269244006,0.046436564656438,1.0726745810750742,0.9997622608509603
-1.555,1.1499335828801949,0.157590130914204,-2.03,1.0007822618352826,0.040962367594662,1.0738981404907677,0.9997561973353756
-1.545,1.1490880434810182,0.122717824614719,-2.02,0.9998857956398276,0.042935467365056004,1.0751483102612578,0.9997499400012473
-1.5350000000000001,1.1566978980736076,0.15769621650744697,-2.01,1.0007686790141397,0.042684832263868,1.0764257879428147,0.9997434813952134
-1.5249999999999901,1.159657285970726,0.16573031365880098,-1.99999999999999,1.0002661146318388,0.050920755174336,1.0777312920670086,0.9997368137286984
-1.51499999999999,1.1634622132670205,0.09307449089164,-1.98999999999999,1.000334028737555,0.047285100647788,1.0790655628326666,0.9997299288606429
-1.505,1.1627575971010402,0.136392785643016,-1.9799999999999902,1.0000895379569763,0.04786637454097,1.0804293628215518,0.9997228182792307
-1.4949999999999999,1.1633212900338246,0.153524987698332,-1.97,0.9999808753878304,0.045928374956473,1.081823477738498,0.9997154730825462
-1.485,1.165435138531766,0.104060444302446,-1.96,0.9998586299975412,0.044283023025296,1.0832487171767764,0.9997078839580955
-1.4749999999999999,1.1703674516936295,0.118126253752592,-1.95,0.9994647281843866,0.047473649919964,1.084705915409499,0.9997000411611158
-1.4649999999999899,1.1706492981600216,0.107528261737493,-1.93999999999999,1.000279697452982,0.04567226599181699,1.086195932207841,0.9996919344915906
-1.45499999999999,1.1698037587608452,0.11583891573345301,-1.92999999999999,0.9998857956398276,0.040906385365654004,1.087719653686894,0.99968355326989
-1.4449999999999998,1.1743133022231205,0.10830311061241099,-1.92,1.0004970225912742,0.042857372152423,1.0892779931799859,0.9996748863109397
-1.435,1.177554536586631,0.134268819287403,-1.91,0.9994103968998134,0.045580328026819,1.0908718921422795,0.999665921896822
-1.425,1.1853053144124164,0.121131868715804,-1.9,1.0003611943798414,0.045571805870226995,1.092502321084478,0.999656647747703
-1.415,1.1795274618513762,0.12010064543218299,-1.8900000000000001,0.9996413048592488,0.046500924671818,1.094170280537499,0.9996470509909715
-1.40499999999999,1.188687472009123,0.149942933556503,-1.8799999999999901,1.000551353875847,0.043288404887231,1.095876802048927,0.9996371181284667
-1.39499999999999,1.1922105528390254,0.170093939969867,-1.8699999999999901,0.9999537097455438,0.046716549802693,1.0976229492120826,0.9996268350016649
-1.385,1.1981293286332615,0.125013076294827,-1.8599999999999999,1.000429108485558,0.045789685707781004,1.099409818728548,0.9996161867546814
-1.375,1.199820407431615,0.11277566552073799,-1.8499999999999999,1.0001846177049791,0.044790586408527,1.101238541504939,0.9996051577949364
-1.365,1.197142866000889,0.14309452460202998,-1.8399999999999999,1.0003476115586984,0.048964833285656,1.1031102837847222,0.9995937317513203
-1.355,1.1993976377320268,0.134541004483204,-1.83,0.9997635502495384,0.045762321795012995,1.105026248315863,0.9995818914296819
-1.34499999999999,1.204189027660694,0.108534486579775,-1.81999999999999,1.0000623723146898,0.042161133945761,1.106987675555036,0.9995696187654479
-1.33499999999999,1.210953342854107,0.109072455112927,-1.80999999999999,1.000551353875847,0.047276885795414,1.108995844909092,0.9995568947731693
-1.325,1.2044708741270864,0.12140767808090899,-1.7999999999999998,0.9996820533226788,0.041363156079889,1.1110520760144713,0.9995436994927718
-1.315,1.207993954956989,0.084997795670336,-1.79,0.9999537097455438,0.046374418620157,1.1131577300551412,0.9995300119322706
-1.3050000000000002,1.2074302620242046,0.10239990645281799,-1.78,0.9998722128186844,0.046422970783422,1.1153142111195922,0.9995158100066928
-1.2949999999999902,1.212221651952872,0.095425563132931,-1.76999999999999,1.0009316728678583,0.045554756774194995,1.1175229675973952,0.9995010704729241
-1.28499999999999,1.2110942660873032,0.10349642690062401,-1.75999999999999,0.9999537097455438,0.04190424585765,1.1197854936156413,0.9994857688601826
-1.275,1.212362575186068,0.08090257221599499,-1.74999999999999,1.0007822618352826,0.046437401072490996,1.1221033305155792,0.9994698793957874
-1.265,1.2144764236840095,0.102603849906108,-1.7399999999999998,0.9998178815341112,0.04199683260064,1.1244780683695668,0.9994533749258724
-1.2550000000000001,1.2198315065454617,0.078449413090072,-1.73,1.0006600164449932,0.045135042257386,1.1269113475383343,0.9994362268306608
-1.2449999999999999,1.218845043913089,0.068108206967573,-1.72,0.9995190594689596,0.04735897019679,1.1294048602684439,0.9994184049338841
-1.2349999999999899,1.2164493489487551,0.111019568085799,-1.70999999999999,1.0007007649084232,0.049577346137617,1.131960352329571,0.9993998774058974
-1.2249999999999899,1.214899193383598,0.08152035456735099,-1.69999999999999,0.9994375625421,0.039391167351829,1.1345796246910629,0.9993806106600022
-1.2149999999999999,1.2147582701504018,0.10345602228190699,-1.69,1.0003747772009848,0.045563495232849,1.137264535237016,0.9993605692414467
-1.205,1.2181404277471084,0.10726548693486601,-1.68,0.9998314643552544,0.044362767320849,1.1400170005187829,0.9993397157085306
-1.195,1.22349551060856,0.113441014452794,-1.67,0.9996820533226788,0.03862446741269,1.1428389975435382,0.9993180105051872
-1.185,1.2285687470036195,0.105020284248651,-1.66,0.9999401269244006,0.048120693600995995,1.1457325655972408,0.9992954118243653
-1.17499999999999,1.2304007490351692,0.10364780394057299,-1.64999999999999,0.9998993784609708,0.038638543202044,1.1486998080998445,0.9992718754614727
-1.16499999999999,1.237024140995386,0.140149741168489,-1.6399999999999901,1.000442691306701,0.043472846013479005,1.1517428944902317,0.9992473546570764
-1.155,1.2433656864892106,0.136943437235581,-1.63,1.0002932802741251,0.044012047160845,1.1548640621378587,0.9992217999279854
-1.145,1.248157076417878,0.130374536215868,-1.6199999999999999,1.0004970225912742,0.046865964783897,1.1580656182774995,0.9991951588857622
-1.135,1.253653082512526,0.107265486934867,-1.6099999999999999,1.00006237231469,0.046397863938787004,1.1613499419628615,0.9991673760416225
-1.125,1.2618266300379,0.098104392648612,-1.6,1.0007686790141397,0.040557139894144,1.1647194860342178,0.9991383925965918
-1.11499999999999,1.262954015903469,0.105020284248651,-1.58999999999999,1.000211783347266,0.045043947924797996,1.1681767790943223,0.9991081462156755
-1.10499999999999,1.2599946280063503,0.12284551826858,-1.57999999999999,1.0006056851604204,0.044518119582378994,1.171724427486041,0.9990765707846971
-1.095,1.2580217027416052,0.070402255495181,-1.5699999999999998,0.9992881515095242,0.048551398708084996,1.175365117264207,0.9990435961483206
-1.085,1.2674635593657442,0.12507994609169,-1.5599999999999998,1.0002389489895522,0.047561315725715994,1.1791016161530168,0.9990091478276439
-1.075,1.274086951325961,0.119393625786677,-1.55,0.9998722128186844,0.048669453716088,1.1829367754791147,0.9989731467155927
-1.0649999999999902,1.2821195756181387,0.14570757894478098,-1.53999999999999,1.0006735992661366,0.044632484118745,1.1868735320692154,0.9989355087481787
-1.05499999999999,1.2843743473492764,0.152219066598058,-1.53,0.9998178815341112,0.046932218754238,1.1909149100994583,0.9988961445494985
-1.045,1.2878974281791788,0.123185387553455,-1.52,0.9996413048592488,0.040758947065918996,1.1950640228821585,0.9988549590481441
-1.035,1.292266048408258,0.140923233196102,-1.51,0.9996413048592488,0.046283246035751,1.1993240745735996,0.9988118510624729
-1.0250000000000001,1.2938162039734151,0.129473504312853,-1.5,1.0000216238512605,0.040596624847678994,1.203698361784465,0.9987667128519299
-1.015,1.305090062629103,0.094799166416749,-1.49,0.9999265441032572,0.05079378697646,1.2081902750722455,0.9987194296313401
-1.00499999999999,1.3081903737594176,0.096892982324832,-1.47999999999999,0.9998993784609708,0.045155690562731006,1.2128033002922352,0.9986698790447825
-0.99499999999999,1.3101632990241632,0.083446497417553,-1.47,1.0004562741278442,0.049195912749418,1.217541019780899,0.9986179305953152
-0.985,1.312840840454889,0.09262420043767801,-1.46,1.00006237231469,0.047145253487198,1.2224071133422376,0.9985634450264433
-0.975,1.3166457677511838,0.129731580571059,-1.4500000000000002,1.0002389489895522,0.046328540366639,1.227405359004083,0.9985062736508056
-0.9650000000000001,1.3119953010557124,0.087470445544262,-1.44,0.9990300779078024,0.046147727548283,1.2325396335073269,0.9984462576210876
-0.955,1.3149546889528303,0.12147653257564299,-1.43,0.9997228017861084,0.046503430402086994,1.2378139124867606,0.9983832271376517
-0.94499999999999,1.3198870021146942,0.118205862603873,-1.41999999999999,0.9996820533226788,0.044116719583385006,1.2432322702971446,0.9983170005868011
-0.9349999999999901,1.3322882466359511,0.131595440174324,-1.41,1.0005241882335607,0.042748480612836,1.2487988794327323,0.9982473836029535
-0.9249999999999999,1.3380660991969913,0.13984363104151498,-1.4000000000000001,0.9997771330706816,0.041993364281773,1.2545180094824968,0.9981741680472861
-0.915,1.3489171881530913,0.11362514217411701,-1.39,1.0002932802741251,0.04418819469568799,1.260394025556407,0.9980971308946178
-0.905,1.3507491901846405,0.164056867483569,-1.38,0.9993560656152404,0.046461441594604996,1.266431386110716,0.9980160330194091
-0.895,1.3535676548485625,0.14826049114790402,-1.37,0.999804298712968,0.047286127403989006,1.2726346400919832,0.997930617870765
-0.88499999999999,1.3632913579390935,0.126078737138171,-1.3599999999999999,0.9997771330706816,0.049365365445442,1.279008423310195,0.9978406100252215
-0.87499999999999,1.3672372084685844,0.137134118546069,-1.35,0.9998722128186844,0.047669601875136,1.2855574539411565,0.9977457136048564
-0.865,1.3793566065234493,0.125180183810001,-1.34,0.999600556395819,0.04758805328384601,1.292286527047077,0.9976456105468762
-0.855,1.3880938469816075,0.111433050217509,-1.3299999999999998,1.0001846177049791,0.04522208828392,1.2992005079914672,0.9975399587092793
-0.845,1.381611378254587,0.134268819287403,-1.32,1.000279697452982,0.049382475366392994,1.3063043246105677,0.9974283897954548
-0.83499999999999,1.3799202994562338,0.103213262411297,-1.30999999999999,0.9993560656152404,0.046327492387441,1.3136029579880932,0.9973105070786175
-0.82499999999999,1.3825978408869597,0.153416017770523,-1.3,1.000429108485558,0.050593237902401,1.3211014316626362,0.9971858829047892
-0.815,1.3897849257799608,0.127660550009962,-1.29,0.9998450471763978,0.046566655407162996,1.328804799078221,0.9970540559505695
-0.8049999999999999,1.394294469242236,0.11052891316543899,-1.28,1.000483439770131,0.047609473309814,1.336718129067103,0.9969145282091652
-0.795,1.3933080066098635,0.088786934621393,-1.27,0.9990029122655156,0.044537309743858,1.3448464891305074,0.9967667616750276
-0.7849999999999999,1.3952809318746089,0.125205230700666,-1.26,1.0004155256644147,0.044631396314871,1.3531949262571206,0.9966101746939316
-0.775,1.39993139857008,0.069098535960381,-1.25,0.9994239797209568,0.044776709687132,1.361768444990108,0.9964441379413667
-0.76499999999999,1.4114871036921606,0.12220571572615199,-1.24,1.0000759551358331,0.047930637934516,1.370571982421697,0.9962679699876437
-0.75499999999999,1.4069775602298855,0.118735224242657,-1.23,0.9994647281843864,0.045791170103527,1.3796103797589376,0.9960809324030785
-0.745,1.4212108067826916,0.162263142248603,-1.22,1.0001302864204062,0.047556415612469004,1.3888883500653844,0.9958822243509069
-0.73499999999999,1.4274114290433202,0.207008002021387,-1.21,0.9995190594689596,0.044831107843405,1.3984104417400591,0.9956709766091584
-0.72499999999999,1.4446040634932449,0.213764676065816,-1.2,1.0004970225912742,0.04381635896558,1.4081809972474089,0.9954462449554256
-0.715,1.4594010029788351,0.193462070114979,-1.1900000000000002,0.9996684705015356,0.052918166201394,1.4182041065597146,0.9952070028402196
-0.70499999999999,1.4715204010337002,0.14570757894478098,-1.18,1.0001031207781197,0.046433218841558,1.428483554714896,0.9949521332652784
-0.695,1.4747616353972106,0.170554193196789,-1.17,0.9998450471763978,0.048766718576088997,1.439022762829034,0.9946804197726175
-0.685,1.48490810818733,0.171141511189579,-1.16,0.9996684705015356,0.040818937838982,1.449824721833124,0.994390536438115
-0.67499999999999,1.4951955042106455,0.11439524231770999,-1.15,0.9995733907535328,0.047606005959495004,1.4608919181256808,0.9940810367498589
-0.6649999999999999,1.4968865830089988,0.10660081376679201,-1.1400000000000001,0.9997907158918248,0.045313681653101,1.472226250249262,0.9937503412360384
-0.655,1.4994232012065285,0.102644589971206,-1.13,0.999586973574676,0.053345813898626,1.4838289356064067,0.9933967236896852
-0.64499999999999,1.4974502759417831,0.131277345824234,-1.1199999999999999,0.9988942496963696,0.050955639784975,1.4957004061296462,0.9930182958177225
-0.635,1.501677972937666,0.145908297932512,-1.11,1.0001982005261223,0.044343282647718,1.5078401917116555,0.9926129901192319
-0.625,1.5146429103917076,0.158225577568233,-1.0999999999999999,0.9991387404769484,0.048710934618092006,1.5202467900831762,0.9921785407722851
-0.61499999999999,1.5301444660432788,0.10462142111273699,-1.09,1.000116703599263,0.046549970679818004,1.5329175216987447,0.9917124622796809
-0.605,1.5393044762010253,0.160031901630361,-1.08,0.99947831100553,0.045032736848492,1.5458483680546824,0.9912120255909898
-0.5950000000000001,1.5608657308800291,0.159593699144102,-1.0699999999999998,1.0005106054124175,0.048547398592840005,1.5590337917186459,0.9906742313809994
-0.5849999999999901,1.559456498548068,0.15761665900645702,-1.06,0.999491893826673,0.047723347610388,1.572466536197069,0.9900957801223869
-0.575,1.5611475773464212,0.134983102769481,-1.05,1.000429108485558,0.049310258732343,1.5861374036085119,0.9894730385425662
-0.565,1.570307587504168,0.142038786668338,-1.04,0.9996956361438218,0.046076341757348004,1.6000350079673769,0.9888020020005828
-0.55499999999999,1.577353749163973,0.132284654369337,-1.03,0.9995598079323894,0.044893659938227,1.6141455017177482,0.9880782522589086
-0.545,1.5848226805233665,0.141692502833748,-1.02,0.999546225111246,0.043727624968808,1.6284522729969075,0.9872969100562419
-0.53499999999999,1.5845408340569742,0.07406324074753401,-1.01,0.9998450471763978,0.042420128894074996,1.6429356109563718,0.9864525818102508
-0.5249999999999899,1.5914460724835833,0.174528145937882,-1.0,0.9997907158918248,0.045985845136325004,1.6575723363343502,0.9855392996928504
-0.515,1.596378385645447,0.12110597938368399,-0.9900000000000001,0.9993017343306674,0.047047938698933006,1.6723353943704522,0.9845504542242739
-0.50499999999999,1.6158257918265089,0.125746688267872,-0.98,0.9999944582089736,0.050399405154503,1.6871934070921268,0.9834787184255103
-0.49499999999999,1.6180805635576463,0.09542556313293199,-0.97,0.9990164950866588,0.049036964575683996,1.7021101820062026,0.9823159624510914
-0.485,1.6213217979211572,0.184224311647764,-0.96,0.9994375625421,0.053171332645074,1.7170441743217255,0.9810531574957452
-0.47499999999999,1.6345685818415905,0.157450785100761,-0.95,0.9986905073792208,0.046413138887247,1.73194790004377,0.9796802676297148
-0.46499999999999997,1.6462652101968671,0.196315298949985,-0.9400000000000001,0.999654887680392,0.044238048814003,1.7467672976566073,0.9781861280696681
-0.455,1.648660905161201,0.156385025935258,-0.9299999999999999,0.9992066545826646,0.046123523512293,1.7614410367114068,0.9765583082375211
-0.44499999999999,1.66388061434638,0.12243642979544,-0.9199999999999999,1.0001031207781197,0.045835467774582,1.7758997725148467,0.9747829578023305
-0.43499999999999994,1.6578209153189474,0.16244984036527702,-0.91,0.9990164950866592,0.046799824501532,1.7900653473710324,0.9728446337464134
-0.42500000000000004,1.6562707597537905,0.147525474175035,-0.8999999999999999,0.999586973574676,0.044291793156494,1.8038499405635342,0.9707261063555553
-0.41499999999999004,1.6493655213271814,0.140060217210986,-0.89,0.999328899972954,0.04625533440786,1.8171551716132932,0.9684081419176773
-0.40499999999999997,1.656975375919771,0.145132566524238,-0.88,0.9996141392169624,0.047003544198711,1.8298711644780783,0.9658692598432315
-0.395,1.6566935294533784,0.115522674587224,-0.8699999999999999,0.9995733907535328,0.048806525224332,1.8418755844701165,0.9630854619203151
-0.38499999999999,1.6602166102832812,0.165730313658802,-0.86,1.0000080410301169,0.049750769571686,1.8530326650066085,0.9600299315238483
-0.375,1.66388061434638,0.10070161446555201,-0.8500000000000001,0.999491893826673,0.050691217231808,1.863192248166121,0.9566727008596361
-0.365,1.6648670769787526,0.189862765783248,-0.84,0.9992609858672376,0.043895402571028,1.872188871743373,0.9529802848064928
-0.35499999999999,1.6736043174369108,0.178161513542912,-0.83,0.9996956361438218,0.049230638908986,1.8798409464713688,0.9489152807095605
-0.345,1.6933335700843652,0.2157358859977,-0.8200000000000001,0.9990572435500888,0.049680456500982004,1.885950080754482,0.9444359346891157
-0.33499999999999,1.7061575843052104,0.203504489667833,-0.8099999999999999,0.9996956361438218,0.044068490976487,1.890300627099525,0.9394956768099472
-0.32499999999999,1.7047483519732496,0.158456616937625,-0.8,0.9990844091923752,0.048905105895829,1.892659544920905,0.9340426299962217
-0.315,1.7064394307716029,0.23051544353293998,-0.79,0.9999129612821142,0.046400584503094,1.8927766989588877,0.9280191011141327
-0.30499999999999,1.698547729712621,0.157928030302666,-0.7799999999999999,0.9989485809809426,0.043150006734597,1.8903857414830094,0.9213610674775157
-0.29499999999999,1.6909378751200317,0.161384711014169,-0.77,0.9999672925666871,0.044270741922816,1.8852057597972207,0.9139976785186397
-0.28500000000000003,1.6923471074519925,0.15903603307728198,-0.76,0.9988670840540832,0.046071915990564,1.8769439079086605,0.9058508009320282
-0.27499999999999003,1.696152034748287,0.16601387745295798,-0.75,1.0004562741278444,0.046098253577688,1.8652992814376788,0.8968346467244788
-0.26499999999998997,1.691642491286012,0.180029085683539,-0.74,0.9988399184117966,0.043716964786021,1.8499683357016679,0.886855537801557
-0.255,1.6886831033888938,0.18041766106726398,-0.73,0.9996820533226788,0.046973580031647,1.830652184565614,0.8758118784868414
-0.24499999999999,1.68628740842456,0.256056920784166,-0.72,0.9991251576558052,0.048570594675508,1.8070661460482351,0.863594429098682
-0.23499999999999,1.6664172325439095,0.21636964342757,-0.7100000000000001,0.9996141392169624,0.046754986733789,1.7789519107353544,0.85008699954249
-0.22499999999999998,1.6616258426152424,0.263043898478524,-0.7000000000000001,0.999179488940378,0.049135082914408,1.7460926878983063,0.8351677114860269
-0.21499999999998998,1.6496473677935737,0.275560922185618,-0.69,0.9996277220381056,0.049039934742835,1.7083316144048366,0.8187110099444173
-0.20499999999999,1.6070885513683506,0.257278612192326,-0.6799999999999999,0.999763550249538,0.050206177913075,1.665593570627909,0.8005906376338401
-0.19499999999999998,1.58975499368523,0.27025642737156197,-0.67,0.9997092189649652,0.043343998855496994,1.6179103085887636,0.7806838140597087
-0.18499999999998998,1.6044110099376248,0.230950327435214,-0.66,1.0000352066724034,0.052409090942734,1.5654484307052847,0.7588768792901958
-0.17499999999999,1.5734078986344822,0.331583587276417,-0.65,0.9994239797209568,0.041236429634060004,1.5085392342974369,0.7350726598474878
-0.165,1.509710597229844,0.315614396908609,-0.64,1.000429108485558,0.043439105335485,1.447708737948349,0.7091997775767198
-0.15499999999999,1.4571462312476977,0.347002047756117,-0.63,0.9995054766478162,0.052432986130782,1.383705332526908,0.6812240345529874
-0.145,1.4262840431777517,0.32861985029431895,-0.62,0.9997771330706816,0.045508905679851996,1.317521491857736,0.6511618483744271
-0.135,1.394294469242236,0.22752608478673697,-0.61,0.9995326422901027,0.047063827940141,1.2504049345653936,0.6190954632624686
-0.12499999999999001,1.3518765760502094,0.307971105298725,-0.6,1.000904507225572,0.045758926680668,1.1838537288668807,0.585189309735493
-0.11499999999999999,1.3028352908979657,0.24906698283068002,-0.59,0.999546225111246,0.046499880577688,1.1195893494917621,0.5497064299110554
-0.10499999999998999,1.292266048408258,0.310031113031424,-0.58,1.0004155256644147,0.046531610569833,1.0595019914158086,0.5130233527200551
-0.09499999999999001,1.2554850845440757,0.33064920924714,-0.5700000000000001,0.999912961282114,0.046400584503094,1.0055639235079885,0.47564125671522495
-0.08499999999999999,1.154584049575666,0.330117710088508,-0.5599999999999999,1.001121832363864,0.042341312517026,0.9597096793252007,0.43819080679871203
-0.07499999999999,1.10455630179105,0.247724656848949,-0.5499999999999999,1.0004562741278442,0.049211700405146996,0.9236865803721579,0.40142784862224634
-0.06499999999999,1.0694664167252204,0.194082393131698,-0.54,1.001121832363864,0.041907953254746,0.8988852239184384,0.36621736930803817
-0.055,1.029021448797939,0.246709942083445,-0.53,1.001515734177019,0.047529455959457,0.886166337112329,0.3335039462857968
-0.04499999999999,0.9592644483658684,0.33639057643610604,-0.52,1.0017058936730243,0.047833296977151,0.8857063848203618,0.30426838511726717
-0.03499999999999,0.8804883610092471,0.326312127214147,-0.51,1.000700764908423,0.040934860473193,0.8968876648042482,0.2794723140871356
-0.025,0.8504717123384774,0.16907697279315,-0.5,1.000483439770131,0.040989856256892006,0.9182574908829949,0.2599948734612163
-0.01499999999999,0.7991756554550962,0.36833229454074695,-0.49,0.9992474030460944,0.036257148417393,0.9475743075078695,0.24656782739479455
-0.00499999999999997,0.7174401802013568,0.23178157421011503,-0.48,0.9960826057197152,0.031877088476793,0.9819464327443225,0.23971684761548817
0.0050000000000000565,0.6853096830326455,0.198090888903248,-0.46999999999999,0.9924967409378948,0.023393686938125,1.0180535672556779,0.23971684761548817
0.01499999999999,0.6589570384249743,0.185744260725651,-0.45999999999999996,0.9878649989280438,0.022444234309694,1.0524256924921305,0.24656782739479455
0.025,0.6413416342754615,0.277432151872344,-0.44999999999999996,0.9850261893091028,0.020519076861729997,1.0817425091170052,0.2599948734612163
0.034999999999999996,0.6044197471780828,0.25415169365115503,-0.43999999999998995,0.9822281281535916,0.024868064606299,1.1031123351957681,0.279472314087158
0.045,0.6403551716430889,0.324152458143244,-0.43,0.9805302755106842,0.028016956873045,1.1142936151796436,0.30426838511729404
0.055,0.6376776302123629,0.33497070132715,-0.42,0.9775556376803106,0.037914271852674,1.1138336628876713,0.3335039462857968
0.065,0.6465557939037174,0.301678984988283,-0.40999999999999,0.9740241041830634,0.042089446377838,1.1011147760815427,0.36621736930807236
0.075,0.6710764364798392,0.275378793334137,-0.4,0.9717829386944258,0.049638220850958995,1.0763134196278117,0.4014278486222823
0.08499999999999999,0.687423531530587,0.31833484880526597,-0.38999999999999996,0.9755589629722516,0.050655958837554,1.040290320674799,0.43819080679871203
0.095,0.7212451074976516,0.320950841912349,-0.38,0.97584420221626,0.04734523098190001,0.9944360764919613,0.4756412567152627
0.105,0.7492888309036759,0.356777410622054,-0.36999999999999,0.9740241041830634,0.039411129280653004,0.9404980085841341,0.5130233527200923
0.11499999999999999,0.7463294430065578,0.31286360956605097,-0.36,0.9781668646317574,0.029795970896889,0.8804106505082381,0.5497064299110554
0.125,0.7973436534235467,0.47777581380420403,-0.35000000000000003,0.9788324228677768,0.036356905676039,0.8161462711330527,0.5851893097355279
0.135,0.8645640356580875,0.40554511248354996,-0.33999999999999997,0.9782755272009034,0.021647903294585002,0.7495950654346062,0.6190954632624686
0.145,0.8727375831834616,0.44416064438650504,-0.32999999999998997,0.9792806559655044,0.031177016931384,0.6824785081422637,0.6511618483744271
0.155,0.8895074479337977,0.471033889049225,-0.32,0.9784249382334792,0.026161990019094,0.6162946674730279,0.6812240345530164
0.165,0.8988083813247405,0.44242761088904903,-0.31,0.9811822509255606,0.032146144289529,0.5522912620516507,0.7091997775767198
0.17500000000000002,0.9347438057897464,0.451443140569546,-0.29999999999999,0.9870228640171618,0.026620797499587998,0.4914607657025041,0.7350726598475127
0.185,0.8642821891916954,0.501211045861823,-0.29,0.9902012441646842,0.051944582944673,0.4345515692946602,0.7588768792902185
0.19499999999999998,0.7957934978583897,0.393659489818764,-0.27999999999999997,0.9946292438573864,0.043099569948510004,0.38208969141123617,0.7806838140597087
0.20500000000000002,0.7690180835511302,0.306337691971939,-0.26999999999998997,1.0009860041524314,0.050414623326237,0.3344064293720457,0.8005906376338592
0.215,0.7404106672123214,0.291343414330562,-0.26,1.003227169641069,0.045601839384485005,0.29166838559512276,0.8187110099444345
0.22499999999999998,0.698415543719883,0.321952332192189,-0.25,1.0021541267707517,0.047597846491797,0.2539073121016939,0.8351677114860269
0.23500000000000001,0.6406370181094811,0.293345601545432,-0.24,1.003322249389072,0.049358873923906,0.22104808926461494,0.8500869995425042
0.245,0.5566467711246041,0.275318056943161,-0.22999999999999998,1.0030505929662068,0.045227885395747,0.192933853951739,0.8635944290986948
0.255,0.4764614514360219,0.31564088962868697,-0.22,1.0038112309502292,0.047194658627061,0.16934781543438604,0.8758118784868414
0.265,0.3638637881123361,0.358020342547566,-0.21,0.999600556395819,0.051770818433672997,0.1500316642983146,0.8868555378015676
0.27499999999999997,0.2657812178078489,0.34544427113139,-0.19999999999999,0.9709951350681169,0.11861310845659,0.13470071856230803,0.8968346467244882
0.28500000000000003,0.1715035747996565,0.22273005055627002,-0.19,0.9356390516322152,0.15430920507123,0.1230560920913395,0.9058508009320282
0.295,0.1004782652688209,0.32021725393338896,-0.18,0.8856678526461673,0.167784377331489,0.11479424020277251,0.9139976785186474
0.305,0.0277618769396321,0.221977931400226,-0.16999999999999,0.822113832516861,0.20649857251049003,0.1096142585169868,0.9213610674775227
0.315,0.0066233919602168,0.042177960525587,-0.16,0.7610726342990575,0.172495129857549,0.10722330104111244,0.9280191011141327
0.325,0.0084553939917661,0.061341875263491996,-0.15,0.7131931897690714,0.138944464821944,0.10734045507909651,0.9340426299962274
0.335,0.0162061718175517,0.076438420102767,-0.13999999999999,0.67175200246099,0.120801050331931,0.10969937290047849,0.9394956768099524
0.345,0.0224067940781802,0.106433996908104,-0.13,0.6448444337761949,0.155253425052474,0.11404991924551833,0.9444359346891157
0.35500000000000004,0.0356535779986138,0.084936287741541,-0.12,0.6072336020305122,0.168263401547851,0.1201590535286381,0.9489152807095648
0.365,0.0395994285281047,0.07838276673271,-0.10999999999999001,0.5690387089756694,0.182469310666903,0.1278111282566271,0.9529802848064928
0.375,0.0597514508751473,0.092624200437679,-0.09999999999999,0.5216074975434111,0.192528171261581,0.13680775183387883,0.9566727008596361
0.385,0.0775077782578562,0.092126338925948,-0.09,0.4794871691781665,0.146215706818339,0.14696733499340214,0.9600299315238515
0.395,0.095123182407369,0.09046626892013901,-0.07999999999999,0.4399068283667114,0.139763898256085,0.15812441552988338,0.9630854619203151
0.40499999999999997,0.1082290430946065,0.071067209177861,-0.06999999999999999,0.4001363280592507,0.127745350638321,0.17012883552192165,0.9658692598432315
0.415,0.1209121340822557,0.11307185950562701,-0.05999999999999,0.3670621585754163,0.099116296516569,0.18284482838671962,0.9684081419176798
0.42500000000000004,0.1358499968010426,0.055321167173919,-0.05,0.3369082956373826,0.100594378985588,0.1961500594364659,0.9707261063555553
0.43499999999999994,0.1454327766583775,0.09298460724837299,-0.04,0.3057493039347477,0.086842884962414,0.2099346526289676,0.9728446337464134
0.445,0.1607934090767527,0.07511423322222101,-0.02999999999999,0.2790183119248151,0.08243941499836,0.22410022748516772,0.9747829578023324
0.455,0.1684032636693422,0.082235235124689,-0.02,0.2563485834367167,0.057911262317038,0.23855896328859344,0.9765583082375211
0.46499999999999997,0.1767177344279122,0.103496426900625,-0.009999999999999985,0.24243977458602,0.036991029375623,0.2532327023433927,0.9781861280696681
0.475,0.1903872880479342,0.08152035456735099,0.0,0.2388539098041998,0.032201675909393,0.268052099956245,0.9796802676297162
0.485,0.1996882214388769,0.105566260387461,0.009999999999999985,0.2406468421951099,0.037344243539198,0.2829558256782744,0.9810531574957452
0.49500000000000005,0.2205448599519001,0.073082980095881,0.02,0.2501683998165341,0.043758036623135,0.29788981799381276,0.9823159624510927
0.505,0.2291411771768623,0.055697762176716,0.02999999999999,0.2587663256002167,0.040557139894144,0.31280659290788804,0.9834787184255114
0.515,0.2395694964333738,0.09325399827324,0.04,0.2638463007077954,0.039660417735197,0.3276646056295479,0.9845504542242739
0.525,0.2522525874210231,0.10644381690138101,0.05,0.2729603736949218,0.063321376609387,0.3424276636656649,0.9855392996928514
0.5349999999999999,0.2591578258476321,0.08649711954148401,0.05999999999999,0.2906723724657308,0.066278776021355,0.3570643890436427,0.9864525818102516
0.545,0.2695861451041437,0.08688294635536199,0.06999999999999999,0.306659352951346,0.063893385188816,0.37154772700309247,0.9872969100562419
0.555,0.2836784684237539,0.096892982324832,0.07999999999999,0.3224697567620988,0.08425487508608999,0.38585449828226626,0.9880782522589092
0.565,0.2963615594114031,0.097752169898359,0.09,0.3420018535661045,0.07198949159333999,0.3999649920326233,0.9888020020005828
0.575,0.3073535716006991,0.072853789472391,0.1,0.3580974966208657,0.098660680897418,0.41386259639148815,0.9894730385425662
0.585,0.316936351458034,0.043351151907653,0.11,0.3798843417346523,0.083954350009367,0.42753346380294444,0.9900957801223874
0.5950000000000001,0.3307468283112521,0.090188551399386,0.12,0.4003536531975428,0.099590402160455,0.4409662082813542,0.9906742313809994
0.605,0.3410342243345675,0.105457291291252,0.13,0.4286466696389501,0.100444842723414,0.4541516319453176,0.9912120255909898
0.615,0.3545628547213934,0.098317246864233,0.13999999999999999,0.4523079440705063,0.092518645628724,0.46708247830126803,0.9917124622796814
0.625,0.3668231760094543,0.09817894411663,0.15,0.4766483595592256,0.075589473909499,0.4797532099168237,0.9921785407722851
0.635,0.381620115495045,0.111770216041639,0.16,0.5043980631549025,0.089466091704357,0.4921598082883443,0.9926129901192319
0.645,0.3923302812179488,0.08509611588327601,0.16999999999999998,0.5334517175803324,0.082792955405227,0.5042995938703657,0.9930182958177229
0.655,0.4045906025060096,0.066241020616244,0.18,0.5630079363880627,0.091842372253713,0.5161710643935933,0.9933967236896852
0.6649999999999999,0.410650301533442,0.057905921593134,0.19,0.5938816888466892,0.095685572572175,0.5277737497507379,0.9937503412360384
0.675,0.4172736934936589,0.09953232530950099,0.2,0.626453293948223,0.101898225302925,0.5391080818743306,0.9940810367498593
0.685,0.4281247824497588,0.142222636685322,0.21,0.6613068130018241,0.10222474678172999,0.550175278166876,0.994390536438115
0.695,0.4498269603619585,0.111395524353432,0.22,0.6963912400148607,0.10789313044242399,0.5609772371709659,0.9946804197726175
0.705,0.4570140452549597,0.092024171800644,0.22999999999999998,0.7314349185644675,0.113421372288212,0.5715164452851144,0.9949521332652786
0.715,0.4632146675155882,0.08394603194479501,0.24,0.7686790141392822,0.10877831891883699,0.5817958934402854,0.9952070028402196
0.7250000000000001,0.4658922089463142,0.106286588134756,0.25,0.8048364840226363,0.10819725484529899,0.5918190027526011,0.9954462449554258
0.735,0.4761796049696296,0.112543721575811,0.26,0.8419990826705913,0.115619126269961,0.6015895582599504,0.9956709766091586
0.745,0.4854805383605725,0.083746575691601,0.27,0.8777354850985043,0.09056895111458499,0.6111116499346156,0.9958822243509069
0.755,0.4873125403921217,0.072523059025228,0.27999999999999997,0.9077399370039622,0.117534887143037,0.6203896202410716,0.9960809324030787
0.765,0.4921039303207893,0.07780725156792499,0.29,0.9404881187803584,0.09003991857318899,0.6294280175783117,0.9962679699876439
0.77499999999999,0.4940768555855347,0.052609574408269,0.29999999999999,0.9655212581473837,0.075384689547118,0.6382315550098835,0.9964441379413664
0.78499999999999,0.4995728616801827,0.080695593758004,0.30999999999999,0.985773244471982,0.056688422816914,0.646805073742871,0.9966101746939315
0.7949999999999899,0.5023913263441047,0.08620661622034899,0.31999999999999,0.997861955289482,0.035626043089966995,0.6551535108694841,0.9967667616750275
0.80499999999999,0.5022504031109086,0.056812571087058,0.32999999999998997,1.0036618199176537,0.042171496652906,0.663281870932889,0.996914528209165
0.8149999999999901,0.5064781001067917,0.106286588134756,0.33999999999999003,1.00548191795085,0.047447666499145995,0.6711952009217714,0.9970540559505694
0.82499999999999,0.5112694900354591,0.136981594732277,0.34999999999999,1.005576997698853,0.040179976807473004,0.6788985683373638,0.9971858829047892
0.83499999999999,0.5294485871177563,0.08192962154924001,0.35999999999999,1.0048299425359737,0.05052255975372,0.6863970420119065,0.9973105070786175
0.84499999999999,0.533112591180855,0.095151335417457,0.36999999999999,1.0053460897394175,0.046450781681059004,0.6936956753894251,0.9974283897954547
0.85499999999999,0.5345218235128161,0.112840524389727,0.37999999999998996,1.0050744333165524,0.049963641596751,0.7007994920085255,0.9975399587092791
0.8649999999999901,0.5340990538132278,0.08153317525699101,0.38999999999999,1.0049793535685496,0.042721214360428,0.7077134729529164,0.9976456105468761
0.87499999999999,0.5398769063742679,0.093912966395876,0.39999999999999003,1.0051966787068416,0.04757662532677,0.7144425460588435,0.9977457136048564
0.88499999999999,0.553828306460682,0.11439524231770999,0.40999999999999,1.0051015989588388,0.044234756222744004,0.7209915766898048,0.9978406100252215
0.89499999999999,0.5635520095512131,0.11762969921918301,0.41999999999999,1.0053053412759876,0.048445484493156,0.7273653599080104,0.9979306178707649
0.90499999999999,0.5731347894085481,0.093823886018803,0.42999999999999,1.0046941143245411,0.04961885082980699,0.7335686138892781,0.998016033019409
0.9149999999999899,0.5773624864044311,0.076656894060577,0.43999999999998995,1.0049657707474062,0.04814893557802401,0.7396059744435869,0.9980971308946177
0.92499999999999,0.5807446440011376,0.07285378947239,0.44999999999998996,1.0044360407228192,0.047385207174058,0.7454819905174974,0.9981741680472861
0.9349999999999901,0.5818720298667064,0.08649711954148401,0.45999999999999003,1.0057671571948583,0.048453501220607,0.7512011205672676,0.9982473836029535
0.94499999999999,0.5860997268625894,0.058890330140658996,0.46999999999999,1.0049657707474062,0.048845703058819,0.7567677297028554,0.9983170005868011
0.9549999999999901,0.5890591147597075,0.086750511939029,0.47999999999999,1.005902985406291,0.049555209151062,0.7621860875132339,0.9983832271376517
0.96499999999999,0.5980782016842581,0.102888691600041,0.48999999999999,1.0046805315033978,0.047145253487198,0.7674603664926679,0.9984462576210875
0.97499999999999,0.6016012825141608,0.094799166416749,0.49999999999999,1.0048163597148303,0.049366742325121005,0.7725946409959119,0.9985062736508056
0.9849999999999901,0.6049834401108672,0.13416758129193201,0.50999999999999,1.004381709438246,0.0472982414439,0.7775928866577574,0.9985634450264432
0.99499999999999,0.6085065209407697,0.09542556313293199,0.51999999999999,1.0054004210239904,0.051663610396108006,0.7824589802191012,0.9986179305953152
1.00499999999999,0.6203440725292423,0.14074511233301,0.52999999999999,1.0046941143245411,0.048446486656635,0.7871966997077647,0.9986698790447825
1.0149999999999901,0.632322547350911,0.090650941261182,0.5399999999999899,1.004531120470822,0.047147930925108,0.7918097249277498,0.99871942963134
1.02499999999999,0.6371139372795784,0.08888106338848199,0.5499999999999899,1.0042322984056704,0.047431291682775996,0.7963016382155305,0.9987667128519299
1.03499999999999,0.640496094876285,0.088125218140084,0.5599999999999901,1.004177967121097,0.04308357096504101,0.8006759254263962,0.9988118510624728
1.04499999999999,0.6448647151053641,0.092171710186481,0.56999999999999,1.0048163597148303,0.048453501220608,0.8049359771178372,0.998854959048144
1.05499999999999,0.645992100970933,0.135199744366953,0.57999999999999,1.003906310698232,0.045945496754077,0.8090850899005417,0.9988961445494985
1.0649999999999902,0.650219797966816,0.120656348320579,0.58999999999999,1.0046941143245411,0.047195687350855,0.8131264679307846,0.9989355087481787
1.07499999999999,0.6490924121012471,0.11277566552073799,0.59999999999998,1.0038519794136591,0.051332509767694004,0.8170632245208814,0.9989731467155927
1.08499999999999,0.6500788747336199,0.096460518740994,0.60999999999999,1.0046126173976817,0.04871432332272,0.8208983838469794,0.9990091478276438
1.09499999999999,0.6596616545909548,0.121131868715803,0.61999999999999,1.0033494150313584,0.047047938698934,0.8246348827357892,0.9990435961483206
1.10499999999999,0.6640302748200341,0.10442141821312,0.62999999999998,1.0044224579016758,0.049139035189807,0.8282755725139589,0.9990765707846971
1.11499999999999,0.6676942788831327,0.108158249282323,0.63999999999999,1.0031864211776391,0.051898202841636,0.8318232209056777,0.9991081462156755
1.12499999999999,0.6658622768515834,0.09184226073212201,0.64999999999999,1.0044224579016758,0.049422768424089006,0.8352805139657787,0.9991383925965918
1.13499999999999,0.668117048582721,0.114020009902685,0.65999999999999,1.0035803229907938,0.04866007572981,0.8386500580371352,0.9991673760416225
1.14499999999999,0.6743176708433495,0.060570248631822,0.6699999999999899,1.0037025683810832,0.04397032925739,0.8419343817224972,0.999195158885762
1.15499999999999,0.674881363776134,0.071696847521003,0.67999999999999,1.0036618199176537,0.048486556210616996,0.845135937862138,0.9992217999279853
1.16499999999999,0.6741767476101534,0.073496566464077,0.6899999999999901,1.0034716604216478,0.046226985821293004,0.8482571055097683,0.9992473546570764
1.17499999999999,0.6792499840052131,0.067196657602965,0.6999999999999901,1.0032000039987827,0.047812992667343,0.8513001919001553,0.9992718754614727
1.18499999999999,0.6837595274674884,0.076178168476921,0.70999999999999,1.003797648129086,0.048738236889190004,0.8542674344027563,0.9992954118243653
1.19499999999999,0.6881281476965675,0.09292838582280401,0.71999999999998,1.003539574527364,0.048979704190764,0.8571610024564587,0.9993180105051872
1.2049999999999899,0.6908056891272935,0.096731035057489,0.72999999999999,1.0036074886330804,0.048076279831822,0.8599829994812144,0.9993397157085306
1.21499999999999,0.6917921517596662,0.110292244414652,0.73999999999999,1.003743316844513,0.048314021348379,0.8627354647629812,0.9993605692414467
1.2249999999999899,0.6979927740202947,0.12446842743911402,0.74999999999999,1.002955513218204,0.048723092993211994,0.8654203753089372,0.9993806106600022
1.2349999999999899,0.6981336972534908,0.11497852330656101,0.75999999999999,1.003322249389072,0.051673194941170994,0.8680396476704291,0.9993998774058974
1.2449999999999901,0.699824776051844,0.119262236261031,0.7699999999999899,1.0031320898930662,0.046773051559921994,0.8705951397315537,0.9994184049338841
1.25499999999999,0.6923558446924506,0.10437135760416799,0.77999999999999,1.003376580673645,0.047687523850618,0.8730886524616631,0.9994362268306608
1.26499999999999,0.6936241537912156,0.146280331070131,0.78999999999999,1.0028196850067714,0.046932425651299,0.8755219316304308,0.9994533749258723
1.2749999999999901,0.6939060002576077,0.132387332266803,0.7999999999999899,1.0030505929662068,0.04595204785281,0.8778966694844185,0.9994698793957872
1.28499999999999,0.7041933962809231,0.119673441318047,0.8099999999999901,1.0021405439496085,0.043953763559911,0.8802145063843587,0.9994857688601826
1.29499999999998,0.701093085150609,0.114896678339512,0.81999999999999,1.002955513218204,0.048715120630728,0.8824770324026023,0.9995010704729241
1.30499999999999,0.7054617053796881,0.095513149716889,0.82999999999999,1.0019911329170326,0.045117828117702,0.8846857888804056,0.9995158100066928
1.31499999999999,0.7072937074112374,0.114751032040003,0.8399999999999901,1.0035531573485073,0.046400584503094,0.8868422699448568,0.9995300119322706
1.32499999999999,0.7099712488419634,0.115631197555812,0.84999999999999,1.0029011819336309,0.045427753355953,0.8889479239855264,0.9995436994927718
1.33499999999999,0.71081678824114,0.09171698757963001,0.8599999999999899,1.0032543352833556,0.048514585207142004,0.8910041550909079,0.9995568947731693
1.34499999999999,0.7144807923042387,0.09347789775104501,0.86999999999999,1.0025208629416196,0.047995422228373996,0.893012324444964,0.9995696187654479
1.35499999999999,0.7144807923042387,0.122171498809416,0.87999999999999,1.0029690960393471,0.047014904921562004,0.8949737516841353,0.9995818914296819
1.36499999999999,0.7206814145648671,0.106286588134756,0.8899999999999899,1.0025616114050495,0.049218605912092,0.8968897162152761,0.9995937317513203
1.37499999999999,0.7275866529914762,0.090188551399386,0.89999999999999,1.0027789365433415,0.041632714160166,0.8987614584950591,0.9996051577949364
1.38499999999999,0.7311097338213788,0.082501718338,0.9099999999999899,1.0029419303970606,0.04491939136505001,0.9005901812714503,0.9996161867546814
1.39499999999999,0.7357602005168501,0.143852183424269,0.9199999999999899,1.0027789365433415,0.041144727789665,0.9023770507879173,0.9996268350016649
1.40499999999999,0.7360420469832423,0.12908542249777,0.9299999999999901,1.0033629978525016,0.049289774832897995,0.904123197951073,0.9996371181284667
1.41499999999999,0.7363238934496346,0.089069022495337,0.93999999999999,1.0029283475759174,0.045241838359021,0.9058297194624993,0.9996470509909715
1.42499999999999,0.7370285096156151,0.109541010314331,0.94999999999999,1.003227169641069,0.051836235710289,0.9074976789155202,0.999656647747703
1.4349999999999898,0.742524515710263,0.11067067148092999,0.95999999999999,1.002330703445614,0.048347774224244,0.909128107857719,0.999665921896822
1.44499999999999,0.7439337480422241,0.114020009902685,0.96999999999999,1.0028875991124877,0.046167922938894004,0.9107220068200126,0.9996748863109397
1.45499999999999,0.7511208329352252,0.102031780972053,0.9799999999999901,1.0020182985593191,0.048997146964737004,0.9122803463131061,0.99968355326989
1.4649999999999899,0.7547848369983239,0.10842850054957999,0.98999999999999,1.0033358322102153,0.049845340079841996,0.913804067792159,0.9996919344915906
1.47499999999999,0.7580260713618343,0.104850952812836,0.99999999999999,1.0020590470227488,0.047928206820014,0.9152940845904997,0.9997000411611157
1.4849999999999899,0.7632402309900901,0.062422872552228004,1.00999999999999,1.0029962616816337,0.044926308225956,0.9167512828232222,0.9997078839580955
1.49499999999999,0.7712728552822679,0.095589722144926,1.01999999999999,1.0024122003724736,0.04615214604510699,0.9181765222615006,0.9997154730825462
1.5049999999999901,0.7697226997171108,0.061273679716824,1.02999999999999,1.0026566911530523,0.045224664869806,0.9195706371784468,0.9997228182792307
1.51499999999999,0.7716956249818562,0.088939843279431,1.03999999999999,1.0018688875267432,0.045422623078308,0.9209344371673334,0.9997299288606429
1.52499999999998,0.7729639340806211,0.104611430049246,1.04999999999999,1.003213586819926,0.048774682504741,0.9222687079329901,0.9997368137286983
1.53499999999999,0.7735276270134055,0.09028121882830001,1.0599999999999898,1.0024122003724736,0.046462486552526994,0.9235742120571839,0.9997434813952134
1.54499999999999,0.7747959361121705,0.08861017367637,1.06999999999999,1.0030370101450636,0.047504933907180996,0.9248516897387411,0.9997499400012473
1.5549999999999902,0.7759233219777393,0.092849618635343,1.07999999999999,1.0019775500958894,0.050487952886344,0.9261018595092311,0.9997561973353756
1.56499999999999,0.7769097846101121,0.10516946792759999,1.0899999999999899,1.0020726298438922,0.0431680055911,0.9273254189249258,0.9997622608509603
1.57499999999999,0.7798691725072302,0.12507994609169,1.0999999999999799,1.002344286266757,0.050090000092411,0.9285230452358035,0.9997681376824779
1.58499999999999,0.7849424089022898,0.112180931431395,1.1099999999999899,1.002534445762763,0.039997830645974,0.9296953960323171,0.9997738346609605
1.5949999999999898,0.7849424089022898,0.116208275114215,1.11999999999999,1.0025616114050495,0.046516583271525996,0.9308431098706367,0.9997793583286052
1.6049999999999902,0.7883245664989962,0.104701315298579,1.1299999999999901,1.0020590470227488,0.045440576516011,0.9319668068770623,0.9997847149525984
1.61499999999999,0.786633487700643,0.102603849906108,1.13999999999999,1.0026702739741955,0.044893443645261,0.9330670893322799,0.9997899105382033
1.62499999999999,0.7932568796608599,0.11291460319264399,1.14999999999999,1.0018688875267432,0.048770899800781,0.934144542236122,0.999794950841154
1.63499999999999,0.7973436534235467,0.101785624326413,1.15999999999999,1.0021405439496085,0.042689609181777,0.935199733853474,0.9997998413793944
1.6449999999999898,0.8012895039530378,0.115703489652624,1.16999999999999,1.0011897464695805,0.046833009986646,0.9362332162419474,0.9998045874442033
1.65499999999998,0.7973436534235467,0.14854925796562102,1.17999999999998,1.0028604334702012,0.045985845136325004,0.9372455257619284,0.9998091941107381
1.66499999999999,0.7949479584592131,0.111047808956588,1.18999999999999,1.0016651452095944,0.042055981145877,0.938237183569595,0.9998136662480319
1.67499999999999,0.7943842655264286,0.123117488753999,1.19999999999999,1.0025208629416196,0.043762474512885,0.9392086960934543,0.9998180085284757
1.68499999999999,0.7952298049256052,0.127783304501617,1.20999999999998,1.0016108139250215,0.046791316932701,0.9401605554949909,0.9998222254368136
1.6949999999999898,0.800303041320665,0.096547166428567,1.21999999999999,1.0023986175513304,0.04552063942566,0.9410932401139254,0.9998263212786794
1.7049999999999899,0.8066445868144896,0.093522613322964,1.22999999999999,1.0017058936730243,0.048956900289267,0.9420072148986289,0.9998303001887002
1.71499999999999,0.8087584353124312,0.09391296639587698,1.23999999999998,1.0026023598684792,0.044872891059393,0.9429029318221895,0.9998341661381913
1.72499999999999,0.8134089020079024,0.096946904629816,1.24999999999999,1.0022084580553248,0.047755891345225,0.9437808302846208,0.9998379229424642
1.73499999999999,0.8122815161423336,0.091259999247552,1.25999999999999,1.0021948752341816,0.040949090601599,0.9446413375016868,0.9998415742677709
1.74499999999999,0.8125633626087259,0.095074409915719,1.26999999999998,1.0024122003724736,0.05166361039610699,0.9454848688808005,0.9998451236379028
1.75499999999999,0.8173547525373934,0.092352972328497,1.27999999999999,1.002222040876468,0.043421218854723,0.9463118283844386,0.9998485744404636
1.76499999999999,0.8184821384029621,0.080967144476427,1.28999999999999,1.0023035378033276,0.045117182459697,0.9471226088815032,0.9998519299328346
1.7749999999999801,0.8165092131382167,0.112031754594882,1.29999999999998,1.0020454642016057,0.045587144605025,0.9479175924870413,0.9998551932478479
1.7849999999999902,0.8135498252410986,0.089723778651487,1.30999999999999,1.002113378307322,0.046252185422944,0.9486971508907309,0.9998583673991845
1.79499999999999,0.8149590575730595,0.093823886018803,1.3199999999999898,1.0017738077787404,0.04474438627223799,0.9494616456745021,0.9998614552865107
1.80499999999999,0.8208778333672958,0.105803621587375,1.32999999999999,1.002493697299333,0.04523496974572701,0.9502114286196957,0.9998644597003677
1.81499999999999,0.8201732172013154,0.105457291291252,1.33999999999999,1.0016379795673078,0.043841172300989995,0.9509468420040941,0.9998673833268276
1.8249999999999802,0.8182002919365698,0.100212592008423,1.3499999999999899,1.002235623697611,0.04493495280483101,0.9516682188891876,0.9998702287519269
1.8349999999999902,0.8183412151697661,0.109836410904576,1.35999999999999,1.0014206544290158,0.044518119582378994,0.9523758833980135,0.9998729984658907
1.84499999999999,0.8183412151697661,0.137248400172513,1.36999999999999,1.0024122003724736,0.044715948397571,0.953070150983879,0.9998756948671578
1.85499999999999,0.8135498252410986,0.097752169898359,1.37999999999999,1.0011082495427208,0.041053294160694,0.9537513286903079,0.9998783202662163
1.86499999999999,0.8150999808062558,0.098317246864233,1.3899999999999901,1.0023171206244708,0.044917661983398,0.9544197154024879,0.999880876889261
1.8749999999999898,0.8148181343398635,0.116352097291921,1.39999999999999,1.0017058936730243,0.04370919009703,0.9550756020905277,0.9998833668816814
1.8849999999999902,0.8131270555415103,0.103657887883189,1.40999999999998,1.0026159426896224,0.04986462212083,0.9557192720448002,0.9998857923113872
1.89499999999999,0.814113518173883,0.094268446129593,1.41999999999999,1.0020726298438922,0.045215860928533996,0.9563510011036463,0.9998881551719823
1.90499999999999,0.8156636737390401,0.144988457098843,1.42999999999999,1.002371451909044,0.046028056842494995,0.9569710578737013,0.999890457385793
1.91499999999999,0.8158045969722363,0.13043865747203298,1.43999999999998,1.0019775500958894,0.047865765957930996,0.9575797039430979,0.9998927008067588
1.9249999999999898,0.8214415263000803,0.110292244414652,1.44999999999999,1.0018281390633137,0.039072377640823996,0.9581771940877921,0.9998948872231921
1.9349999999999898,0.823837221264414,0.13411303687123,1.45999999999999,1.0017738077787404,0.046748132732237,0.958763776471246,0.9998970183604127
1.94499999999998,0.8280649182602972,0.110339618775505,1.46999999999998,1.0019775500958894,0.042720532481147,0.9593396928376965,0.9998990958832661
1.95499999999999,0.8246827606635907,0.11026381002813199,1.47999999999999,1.00243936601476,0.04374028056144599,0.9599051786992325,0.9999011213985277
1.96499999999999,0.8255283000627672,0.08018884562480301,1.48999999999999,1.0017466421364538,0.04524677453079,0.9604604635168827,0.9999030964572011
1.9749999999999899,0.8213006030668841,0.120760257926449,1.49999999999998,1.0026702739741955,0.045520639425661,0.9610057708759359,0.9999050225567143
1.9849999999999899,0.8242599909640024,0.09697924362153,1.50999999999999,1.0013934887867293,0.045931757545796995,0.9615413186556725,0.9999069011430195
1.99499999999999,0.812704285841922,0.11246939848923301,1.51999999999999,1.0026566911530523,0.044041160036862,0.9620673191937107,0.9999087336126012
2.00499999999999,0.8110132070435687,0.105010331134451,1.52999999999998,1.001542899819305,0.043039373886962,0.9625839794451442,0.9999105213143971
2.01499999999999,0.8065036635812934,0.131333067951521,1.53999999999999,1.0021812924130382,0.046036494539167,0.9630915011366508,0.9999122655516338
2.02499999999999,0.8143953646402752,0.068719329190239,1.5499999999999898,1.0019096359901731,0.045141926075247,0.9635900809157432,0.9999139675835865
2.03499999999999,0.8153818272726479,0.11052891316543899,1.55999999999999,1.002466531657047,0.048504176327761994,0.964079910495325,0.99991562862726
2.0449999999999897,0.8208778333672958,0.122641144604349,1.56999999999999,1.001379905965586,0.045273592140577,0.9645611767937118,0.9999172498589993
2.05499999999999,0.8215824495332764,0.108774979865073,1.57999999999999,1.0018553047056,0.04721276089146,0.9650340620702703,0.9999188324160319
2.06499999999999,0.8213006030668841,0.121794478275982,1.58999999999999,1.0017466421364538,0.047785161756643,0.9654987440568239,0.999920377397944
2.07499999999999,0.8246827606635907,0.13105422039386,1.5999999999999899,1.0021948752341814,0.044877218701781,0.9659553960849661,0.9999218858680948
2.08499999999999,0.8267966091615323,0.10275654186504199,1.6099999999999899,1.001379905965586,0.044346129257491,0.9664041872094198,0.9999233588549712
2.09499999999999,0.8253873768295712,0.124803877252209,1.61999999999999,1.0017873905998838,0.045975919761441005,0.9668452823275762,0.9999247973534862
2.1049999999999898,0.8205959869009037,0.127455696464828,1.6299999999999901,1.002276372161041,0.044642055649854004,0.9672788422953392,0.9999262023262233
2.1149999999999802,0.8214415263000804,0.136698977038896,1.6399999999999901,1.0017194764941677,0.046749794400645,0.9677050240393996,0.9999275747046289
2.1249999999999902,0.8211596798336881,0.083446497417554,1.64999999999999,1.0013391575021562,0.049478338583359004,0.9681239806660611,0.9999289153901558
2.13499999999999,0.8214415263000804,0.117984594275754,1.65999999999999,1.0017738077787404,0.043583492502558,0.9685358615667234,0.9999302252553602
2.14499999999999,0.8208778333672958,0.117771785575336,1.66999999999999,1.0022899549821842,0.047442549976154,0.9689408125201494,0.999931505144953
2.15499999999999,0.8213006030668841,0.09608051634574699,1.67999999999999,1.0017738077787404,0.049122235823227,0.9693389757916061,0.999932755876809
2.16499999999999,0.8221461424660609,0.11424895678175799,1.6899999999999902,1.0022084580553248,0.046603340780979,0.9697304902289944,0.9999339782429351
2.17499999999999,0.8258101465291595,0.135323383848087,1.69999999999999,1.0012033292907236,0.04564844800322,0.9701154913560618,0.9999351730103991
2.1849999999999903,0.8232735283316297,0.073667026452912,1.70999999999999,1.0024122003724736,0.041424381517897,0.9704941114627953,0.9999363409222221
2.19499999999999,0.8232735283316297,0.13560116050135299,1.71999999999999,1.000904507225572,0.046122470874772,0.9708664796930881,0.9999374826982337
2.20499999999999,0.8283467647266892,0.124005702290823,1.7299999999999898,1.0018553047056,0.0470726988189,0.9712327221297683,0.9999385990358948
2.21499999999999,0.823696298031218,0.11741624729816699,1.7399999999999902,1.001121832363864,0.043526419759317994,0.9715929618770754,0.9999396906110867
2.22499999999999,0.819750447501727,0.108688463584425,1.74999999999999,1.0018281390633137,0.044883060357107,0.9719473191406708,0.9999407580788698
2.23499999999999,0.8205959869009037,0.08294395447070901,1.75999999999999,1.001176163648437,0.047752637969786,0.9722959113052586,0.9999418020742118
2.24499999999999,0.8234144515648257,0.097752169898359,1.76999999999999,1.0010403354370043,0.045066146246443,0.9726388530098976,0.9999428232126876
2.25499999999999,0.819750447501727,0.101528576529005,1.77999999999999,1.0012033292907236,0.046857676450787,0.9729762562210784,0.9999438220911525
2.26499999999999,0.8142544414070791,0.09410198220643999,1.7899999999999898,1.002222040876468,0.042085754968747,0.9733082303036364,0.9999447992883886
2.2749999999999897,0.8139725949406869,0.10648308781837901,1.79999999999999,1.0017873905998838,0.048194894231876,0.9736348820895737,0.9999457553657266
2.28499999999998,0.816931982837805,0.125804860085931,1.80999999999999,1.0014206544290158,0.044325761025141006,0.9739563159448524,0.9999466908676433
2.29499999999999,0.8170729060710011,0.118488483121107,1.81999999999999,1.0017738077787404,0.047079299318298004,0.9742726338342327,0.9999476063223367
2.30499999999999,0.8166501363714129,0.097580937588395,1.8299999999999899,1.0007822618352826,0.03920857622538,0.9745839353842053,0.999948502242279
2.31499999999999,0.8148181343398635,0.108928616918854,1.8399999999999899,1.0013527403232996,0.046453290116084,0.9748903179440954,0.9999493791247486
2.32499999999999,0.816931982837805,0.129408904830566,1.8499999999999899,1.0008230102987123,0.045994290576775,0.9751918766453814,0.9999502374523414
2.3349999999999898,0.8173547525373934,0.105060087276136,1.85999999999999,1.001393488786729,0.042588269396061,0.9754887044592966,0.9999510776934638
2.34499999999999,0.8221461424660609,0.102277345180349,1.8699999999999901,1.0006600164449932,0.04527251974119,0.9757808922527594,0.9999519003028069
2.35499999999998,0.8215824495332764,0.11728264257373,1.8799999999999901,1.0009995869735746,0.039940739620419996,0.9760685288426929,0.9999527057218022
2.36499999999999,0.8232735283316297,0.126012397361341,1.88999999999999,1.000483439770131,0.042715986341104004,0.9763517010487793,0.9999534943790617
2.37499999999999,0.8207369101340998,0.118382579495191,1.89999999999999,1.0018688875267432,0.045618870884382004,0.9766304937446981,0.9999542666908001
2.38499999999999,0.8201732172013154,0.11162049029988799,1.90999999999999,1.001067501079291,0.043451398019979,0.976904989907902,0.9999550230612435
2.39499999999999,0.8207369101340998,0.10648308781837901,1.9199999999999902,1.0015021513558753,0.043144605613453,0.977175270667969,0.9999557638830204
2.4049999999999803,0.8194686010353349,0.08859837707461699,1.92999999999999,1.001284826217583,0.047767276414290995,0.9774414153535791,0.9999564895375411
2.4149999999999903,0.8215824495332764,0.116208275114215,1.93999999999999,1.0017058936730243,0.0478089307706,0.9777035015381583,0.9999572003953608
2.42499999999999,0.8239781444976101,0.149216204276483,1.94999999999999,1.0008773415832857,0.047342564702208996,0.9779616050842287,0.999957896816532
2.43499999999999,0.8284876879598855,0.137916944990655,1.95999999999999,1.0011354151850074,0.039711554761743,0.9782158001865101,0.9999585791509418
2.44499999999999,0.8246827606635907,0.09298460724837299,1.9699999999999902,1.0009860041524314,0.049237541759829,0.9784661594138065,0.9999592477386382
2.45499999999999,0.8227098353988452,0.120587025506284,1.9799999999999902,1.0016515623884512,0.043870619908409,0.9787127537497171,0.9999599029101455
2.46499999999999,0.8177775222369817,0.08394603194479501,1.98999999999999,1.0016515623884512,0.04798894773458699,0.9789556526322087,0.9999605449867662
2.47499999999998,0.8227098353988452,0.09759164840974201,1.99999999999999,1.001434237250159,0.044247925117724,0.9791949239920834,0.9999611742808745
2.48499999999999,0.8200322939681193,0.10604045147874301,2.00999999999999,1.001325574681013,0.044585466799311996,0.9794306342903764,0.9999617910961974
2.49499999999999,0.8210187566004921,0.07490521445170101,2.01999999999999,1.0008637587621425,0.044734185450142,0.9796628485547143,0.9999623957280879
2.5049999999999897,0.8179184454701778,0.088939843279431,2.02999999999999,1.0018417218844569,0.049919311382305,0.9798916304146701,0.9999629884637863
2.5149999999999904,0.8182002919365698,0.078715434243776,2.0399999999999903,1.001053918258148,0.045746405018838,0.9801170421361403,0.9999635695826743
2.52499999999998,0.812845209075118,0.096080516345746,2.04999999999999,1.002004715738176,0.04339795540871701,0.9803391446547766,0.9999641393565191
2.53499999999999,0.8124224393755297,0.10540772264395899,2.05999999999999,1.0011082495427208,0.043371992998437,0.9805579976085016,0.9999646980497096
2.54499999999999,0.8115768999763532,0.09697924362153,2.06999999999999,1.0023035378033276,0.048821842130690005,0.9807736593691326,0.9999652459194835
2.55499999999999,0.815522750505844,0.09732352424680801,2.07999999999999,1.0013663231444427,0.043404891009482,0.9809861870731446,0.9999657832161483
2.5649999999999897,0.8159455202054323,0.11512388180114999,2.08999999999999,1.0016651452095944,0.043784435443076995,0.9811956366515948,0.9999663101832923
2.57499999999998,0.8184821384029621,0.11026381002813199,2.09999999999999,1.0010810839004345,0.048921185886268,0.9814020628592366,0.9999668270579907
2.58499999999999,0.8186230616361583,0.094799166416749,2.10999999999999,1.0020454642016057,0.046188109499228996,0.9816055193028449,0.999967334071003
2.59499999999999,0.815522750505844,0.08294395447070901,2.11999999999999,1.001488568534732,0.045502930974241004,0.9818060584687769,0.9999678314469648
2.6049999999999898,0.8182002919365698,0.092849618635343,2.1299999999999897,1.0018688875267432,0.045627384250301994,0.9820037317497926,0.9999683194045718
2.61499999999999,0.8189049081025506,0.112171613691321,2.13999999999999,1.0013119918598696,0.044563464828228,0.9821985894711553,0.9999687981567592
2.62499999999999,0.8158045969722363,0.111798267294696,2.14999999999999,1.0016787280307375,0.042030344927644,0.9823906809160332,0.9999692679108741
2.63499999999999,0.8143953646402752,0.08601240225081,2.15999999999999,1.0015700654615916,0.049111362582699006,0.982580054350224,0.999969728868842
2.64499999999998,0.8163682899050206,0.11246939848923301,2.16999999999999,1.0016515623884512,0.041392489907716996,0.9827667570462212,0.9999701812273276
2.65499999999999,0.8166501363714127,0.11119830580214,2.17999999999999,1.0017873905998838,0.048676037179995996,0.9829508353066434,0.9999706251778919
2.66499999999999,0.8158045969722363,0.119743293033505,2.1899999999999897,1.0012033292907234,0.048925750846103996,0.9831323344870405,0.9999710609071416
2.67499999999999,0.8124224393755297,0.128955802359647,2.19999999999999,1.0017738077787404,0.051379211533809005,0.9833112990181028,0.9999714885968755
2.6849999999999903,0.8129861323083143,0.077847541853649,2.20999999999999,1.0010810839004345,0.046603549138098,0.9834877724272816,0.999971908424225
2.69499999999998,0.8149590575730595,0.10516946792759999,2.21999999999999,1.002222040876468,0.045984367024775,0.9836617973598447,0.999972320561791
2.70499999999999,0.8149590575730595,0.130374536215868,2.2299999999999898,1.0016787280307375,0.048779659299881,0.9838334155993821,0.9999727251777745
2.71499999999999,0.8139725949406869,0.11624424734077402,2.23999999999999,1.0023035378033276,0.043557863607379,0.9840026680877729,0.9999731224361056
2.72499999999999,0.8172138293041973,0.086979135641787,2.24999999999999,1.001176163648437,0.042684832263868,0.9841695949446371,0.9999735124965659
2.7349999999999897,0.8207369101340998,0.133331394610486,2.25999999999999,1.0020454642016057,0.044343282647718,0.98433423548628,0.9999738955149079
2.74499999999998,0.8213006030668841,0.126509097739176,2.2699999999999902,1.001379905965586,0.043693192100972,0.984496628244147,0.9999742716429713
2.75499999999999,0.8203141404345115,0.11511480227262101,2.27999999999999,1.0020726298438922,0.044827642201699,0.9846568109828036,0.9999746410287941
2.76499999999998,0.8242599909640024,0.117273730180193,2.28999999999999,1.001067501079291,0.047204533450034,0.9848148207174494,0.9999750038167209
2.77499999999999,0.8232735283316297,0.124005702290823,2.29999999999999,1.001692310851881,0.043216565060295,0.984970693730988,0.9999753601475083
2.78499999999999,0.8252464535963752,0.102888691600041,2.30999999999999,1.0015021513558753,0.043198586436284,0.9851244655906539,0.9999757101584257
2.7949999999999897,0.823696298031218,0.145987076315912,2.31999999999999,1.001488568534732,0.044866831658776,0.9852761711642204,0.9999760539833539
2.80499999999999,0.8279239950271011,0.103809029476779,2.32999999999999,1.0015021513558753,0.052032740537565,0.9854258446357922,0.9999763917528801
2.81499999999998,0.8267966091615323,0.099448278576919,2.33999999999999,1.0018145562421703,0.04419698364394099,0.9855735195211974,0.9999767235943905
2.82499999999999,0.8325744617225723,0.10835135468385401,2.34999999999999,1.0017602249575972,0.044832190801497,0.9857192286829918,0.9999770496321589
2.8349999999999898,0.8349701566869061,0.131205668316393,2.3599999999999897,1.001515734177019,0.045950568654089,0.9858630043450813,0.9999773699874338
2.84499999999999,0.8303196899914347,0.149251224156398,2.3699999999999903,1.0016787280307375,0.045363583183854,0.98600487810698,0.9999776847785216
2.8549999999999898,0.8328563081889646,0.12687210880883598,2.37999999999999,1.001515734177019,0.044968002984063005,0.9861448809577069,0.9999779941208683
2.8649999999999802,0.8282058414934932,0.127455696464828,2.38999999999999,1.002222040876468,0.04692911518888,0.9862830432893375,0.9999782981271382
2.8749999999999902,0.8327153849557686,0.121131868715803,2.39999999999999,1.0011489980061503,0.046036494539166,0.9864193949102152,0.9999785969072899
2.88499999999999,0.8304606132246308,0.120022293366369,2.40999999999999,1.002126961128465,0.042319291050813,0.9865539650578352,0.9999788905686501
2.89499999999999,0.8332790778885529,0.129408904830566,2.4199999999999897,1.0009860041524314,0.041805880036849,0.9866867824114066,0.9999791792159858
2.90499999999999,0.8272193788611204,0.11656749784155,2.42999999999999,1.002167709591895,0.041282556988185004,0.986817875104106,0.9999794629515731
2.91499999999998,0.8280649182602972,0.12424148680796301,2.43999999999999,1.0005649366969904,0.044363642835543,0.9869472707350263,0.9999797418752654
2.92499999999999,0.8231326050984336,0.126533881576761,2.44999999999999,1.0017738077787404,0.043610219639401995,0.9870749963808324,0.9999800160845577
2.93499999999998,0.8207369101340998,0.13765143537587599,2.45999999999999,1.0010946667215774,0.045748739825882,0.9872010786071296,0.9999802856746509
2.94499999999999,0.8189049081025506,0.11904293145949599,2.46999999999999,1.002113378307322,0.043338845963512,0.9873255434795557,0.9999805507385127
2.95499999999999,0.8232735283316297,0.11270149539398999,2.4799999999999898,1.0015021513558753,0.043885446933113,0.9874484165745987,0.9999808113669372
2.96499999999999,0.8249646071299829,0.11424895678175799,2.48999999999999,1.0016243967461649,0.047837356804945996,0.9875697229901541,0.9999810676486032
2.9749999999999903,0.8235553747980218,0.12524696438760302,2.4999999999999902,1.0012440777541534,0.046613549184519,0.9876894873558244,0.9999813196701295
2.98499999999998,0.8215824495332764,0.085537158309339,2.50999999999999,1.001393488786729,0.044173029649948,0.9878077338429682,0.9999815675161303
2.99499999999999,0.8215824495332764,0.119752021633074,2.51999999999999,1.001515734177019,0.045389262139352,0.9879244861745087,0.9999818112692671
3.00499999999999,0.8249646071299829,0.148886614777015,2.52999999999999,1.001488568534732,0.039958240006187,0.9880397676345023,0.9999820510103006
3.01499999999999,0.8213006030668841,0.12944928328480199,2.53999999999999,1.0015700654615916,0.049489523610061,0.988153601077481,0.99998228681814
3.0249999999999897,0.8191867545689426,0.109072455112927,2.54999999999999,1.0015564826404484,0.044926308225956,0.9882660089375686,0.999982518769892
3.03499999999998,0.8214415263000804,0.125871309244182,2.55999999999999,1.001963967274746,0.04685601860823099,0.9883770132373783,0.9999827469409064
3.04499999999999,0.823696298031218,0.11953361542970499,2.56999999999999,1.0017058936730243,0.048558598085142,0.9884866355967009,0.9999829714048232
3.05499999999999,0.8208778333672958,0.12332107300012499,2.57999999999999,1.001597231103878,0.047691799690319996,0.9885948972409828,0.9999831922336155
3.0649999999999897,0.8190458313357466,0.094323868820094,2.58999999999999,1.0016787280307375,0.049262975343537,0.9887018190096056,0.9999834094976333
3.07499999999999,0.8194686010353349,0.09184226073212201,2.5999999999999903,1.0020862126650354,0.043515040857121,0.988807421363969,0.9999836232656445
3.0849999999999898,0.8174956757705895,0.152322030962336,2.60999999999999,1.001488568534732,0.04246519914267401,0.9889117243953823,0.9999838336048757
3.09499999999999,0.8186230616361583,0.115477426583221,2.61999999999999,1.0020590470227488,0.04539781856338,0.989014747832771,0.9999840405810517
3.10499999999998,0.8159455202054323,0.10683587648610099,2.62999999999999,1.0009724213312885,0.042085754968747,0.9891165110502017,0.9999842442584336
3.11499999999999,0.8136907484742947,0.123735684110224,2.63999999999999,1.0019368016324597,0.045318824263365996,0.9892170330742326,0.9999844446998553
3.12499999999999,0.8160864434386284,0.13075879209875402,2.6499999999999897,1.0010267526158612,0.047772358158389996,0.9893163325910891,0.9999846419667605
3.13499999999999,0.8193276778021387,0.135045035832051,2.6599999999999904,1.0017738077787404,0.043725848452157004,0.9894144279536761,0.9999848361192372
3.1449999999999902,0.8172138293041973,0.105645440042611,2.66999999999999,1.001393488786729,0.049079519795688004,0.9895113371884243,0.9999850272160516
3.1549999999999896,0.8193276778021389,0.116064274717993,2.67999999999999,1.001800973421027,0.045258790784801,0.9896070780019802,0.9999852153146819
3.1649999999999903,0.8180593687033738,0.088125218140084,2.68999999999999,1.001393488786729,0.049269085333360996,0.9897016677877393,0.9999854004713494
3.1749999999999905,0.8218642959996686,0.10757685329934599,2.69999999999999,1.001325574681013,0.045678431125394,0.9897951236322304,0.9999855827410509
3.18499999999999,0.823696298031218,0.110443770839413,2.7099999999999898,1.0013527403232996,0.046786543716759,0.9898874623213532,0.9999857621775881
3.19499999999999,0.8218642959996686,0.101580038125157,2.71999999999999,1.0013663231444427,0.044839770775794,0.9899787003464713,0.9999859388335975
3.20499999999999,0.8207369101340998,0.10996005239861001,2.72999999999999,1.0019503844536028,0.052225159428622006,0.990068853910367,0.9999861127605797
3.21499999999999,0.823837221264414,0.139011511131716,2.73999999999999,1.0015564826404484,0.046822849430378,0.9901579389330608,0.9999862840089262
3.22499999999999,0.8267966091615323,0.109836410904576,2.74999999999999,1.002113378307322,0.04797518653411299,0.9902459710574969,0.9999864526279478
3.23499999999999,0.8297559970586503,0.12281999015866502,2.75999999999999,1.000850175940999,0.046536618590932,0.9903329656551014,0.9999866186658998
3.2449999999999903,0.8228507586320413,0.108380290818616,2.76999999999999,1.0018824703478866,0.045894535351251,0.9904189378312128,0.9999867821700087
3.2549999999999897,0.8283467647266892,0.142809366225618,2.77999999999999,1.0010267526158612,0.046336085117176,0.9905039024303919,0.9999869431864965
3.26499999999999,0.8258101465291595,0.099248382337465,2.7899999999999903,1.0017602249575972,0.042346128186208996,0.9905878740416104,0.9999871017606055
