x,y
350,0.320102432778489
356.229773462783,0.396927016645327
360.760517799353,0.467349551856594
366.990291262136,0.569782330345711
372.370550161812,0.665813060179257
376.618122977346,0.758642765685019
382.281553398058,0.851472471190781
385.962783171521,0.918693982074264
389.360841423948,0.982714468629962
394.174757281553,1.04993597951344
398.139158576052,1.11715749039693
402.953074433657,1.17157490396927
405.784789644013,1.20998719590269
409.18284789644,1.23879641485275
412.580906148867,1.26120358514725
415.695792880259,1.28361075544174
420.226537216829,1.29641485275288
424.190938511327,1.30281690140845
428.438511326861,1.29961587708067
431.553398058252,1.29001280409731
435.800970873786,1.26440460947503
441.464401294498,1.21959026888604
446.278317152104,1.15556978233035
450.809061488673,1.08194622279129
455.339805825243,0.995518565941101
458.454692556634,0.912291933418694
463.26860841424,0.803457106274008
467.799352750809,0.704225352112676
471.480582524272,0.637003841229193
475.161812297735,0.553777208706786
478.276699029126,0.464148527528809
481.674757281553,0.387323943661972
485.639158576052,0.297695262483995
488.187702265372,0.236875800256082
492.152103559871,0.153649167733675
497.532362459547,0.0928297055057618
502.063106796117,0.0480153649167734
508.2928802589,0.0352112676056338
515.088996763754,0.0256081946222791
522.45145631068,0.0192061459667093
530.946601941748,0.0160051216389245
537.459546925566,0.0192061459667093
543.68932038835,0.028809218950064
549.919093851133,0.0352112676056338
555.582524271845,0.0384122919334187
562.378640776699,0.057618437900128
570.02427184466,0.0704225352112676
578.519417475728,0.0992317541613316
586.731391585761,0.118437900128041
594.093851132686,0.14404609475032
599.757281553398,0.160051216389245
603.438511326861,0.182458386683739
606.836569579288,0.208066581306018
609.668284789644,0.227272727272727
612.5,0.252880921895006
616.181229773463,0.29449423815621
618.729773462783,0.30729833546735
620.711974110032,0.326504481434059
623.543689320388,0.352112676056338
627.508090614887,0.364916773367478
630.906148867314,0.371318822023047
636.28640776699,0.345710627400768
633.73786407767,0.361715749039693
638.26860841424,0.320102432778489
641.383495145631,0.278489116517286
644.498381877023,0.230473751600512
648.745954692557,0.176056338028169
653.843042071198,0.121638924455826
656.674757281553,0.0928297055057618
660.355987055016,0.0672215108834827
665.736245954693,0.0384122919334187
672.815533980583,0.0128040973111396
678.478964401295,0.00640204865556978
683.009708737864,0.00320102432778489
688.389967637541,0
692.637540453075,0
696.601941747573,0
